"management","node_id","taxon","services","type"
"E",91,"Crop","Crop production","D"
"E",92,"Crop","Crop production","D"
"E",93,"Crop","Crop production","D"
"E",88,"Crop","Crop production","D"
"E",90,"Crop","Crop production","D"
"E",89,"Crop","Crop production","D"
"SE",91,"Crop","Crop production","D"
"SE",92,"Crop","Crop production","D"
"SE",93,"Crop","Crop production","D"
"SE",88,"Crop","Crop production","D"
"SE",90,"Crop","Crop production","D"
"SE",89,"Crop","Crop production","D"
"M",91,"Crop","Crop production","D"
"M",92,"Crop","Crop production","D"
"M",93,"Crop","Crop production","D"
"M",88,"Crop","Crop production","D"
"M",90,"Crop","Crop production","D"
"M",89,"Crop","Crop production","D"
"SI",91,"Crop","Crop production","D"
"SI",92,"Crop","Crop production","D"
"SI",93,"Crop","Crop production","D"
"SI",88,"Crop","Crop production","D"
"SI",90,"Crop","Crop production","D"
"SI",89,"Crop","Crop production","D"
"I",91,"Crop","Crop production","D"
"I",92,"Crop","Crop production","D"
"I",93,"Crop","Crop production","D"
"I",88,"Crop","Crop production","D"
"I",90,"Crop","Crop production","D"
"I",89,"Crop","Crop production","D"
"E",99,"Flower-visiting insect","Pollination","D"
"E",117,"Flower-visiting insect","Pollination","D"
"E",120,"Flower-visiting insect","Pollination","D"
"E",122,"Flower-visiting insect","Pollination","D"
"E",125,"Flower-visiting insect","Pollination","D"
"E",126,"Flower-visiting insect","Pollination","D"
"E",132,"Flower-visiting insect","Pollination","D"
"E",134,"Flower-visiting insect","Pollination","D"
"E",135,"Flower-visiting insect","Pollination","D"
"E",136,"Flower-visiting insect","Pollination","D"
"E",137,"Flower-visiting insect","Pollination","D"
"E",138,"Flower-visiting insect","Pollination","D"
"E",152,"Flower-visiting insect","Pollination","D"
"E",158,"Flower-visiting insect","Pollination","D"
"E",160,"Flower-visiting insect","Pollination","D"
"E",164,"Flower-visiting insect","Pollination","D"
"E",167,"Flower-visiting insect","Pollination","D"
"E",173,"Flower-visiting insect","Pollination","D"
"E",175,"Flower-visiting insect","Pollination","D"
"E",177,"Flower-visiting insect","Pollination","D"
"E",180,"Flower-visiting insect","Pollination","D"
"E",184,"Flower-visiting insect","Pollination","D"
"E",187,"Flower-visiting insect","Pollination","D"
"E",190,"Flower-visiting insect","Pollination","D"
"E",192,"Flower-visiting insect","Pollination","D"
"E",196,"Flower-visiting insect","Pollination","D"
"E",197,"Flower-visiting insect","Pollination","D"
"E",203,"Flower-visiting insect","Pollination","D"
"E",216,"Flower-visiting insect","Pollination","D"
"E",217,"Flower-visiting insect","Pollination","D"
"E",222,"Flower-visiting insect","Pollination","D"
"E",227,"Flower-visiting insect","Pollination","D"
"E",232,"Flower-visiting insect","Pollination","D"
"E",239,"Flower-visiting insect","Pollination","D"
"E",242,"Flower-visiting insect","Pollination","D"
"E",243,"Flower-visiting insect","Pollination","D"
"E",244,"Flower-visiting insect","Pollination","D"
"E",245,"Flower-visiting insect","Pollination","D"
"E",247,"Flower-visiting insect","Pollination","D"
"E",250,"Flower-visiting insect","Pollination","D"
"E",254,"Flower-visiting insect","Pollination","D"
"E",259,"Flower-visiting insect","Pollination","D"
"E",261,"Flower-visiting insect","Pollination","D"
"E",272,"Flower-visiting insect","Pollination","D"
"E",274,"Flower-visiting insect","Pollination","D"
"E",275,"Flower-visiting insect","Pollination","D"
"E",278,"Flower-visiting insect","Pollination","D"
"E",281,"Flower-visiting insect","Pollination","D"
"E",282,"Flower-visiting insect","Pollination","D"
"E",299,"Flower-visiting insect","Pollination","D"
"E",300,"Flower-visiting insect","Pollination","D"
"E",301,"Flower-visiting insect","Pollination","D"
"E",302,"Flower-visiting insect","Pollination","D"
"E",306,"Flower-visiting insect","Pollination","D"
"E",315,"Flower-visiting insect","Pollination","D"
"E",316,"Flower-visiting insect","Pollination","D"
"E",320,"Flower-visiting insect","Pollination","D"
"E",324,"Flower-visiting insect","Pollination","D"
"E",511,"Butterfly","Pollination","D"
"E",512,"Butterfly","Pollination","D"
"E",514,"Butterfly","Pollination","D"
"E",515,"Butterfly","Pollination","D"
"E",517,"Butterfly","Pollination","D"
"E",520,"Butterfly","Pollination","D"
"E",521,"Butterfly","Pollination","D"
"E",523,"Butterfly","Pollination","D"
"E",95,"Flower-visiting insect","Pollination","D"
"E",106,"Flower-visiting insect","Pollination","D"
"E",118,"Flower-visiting insect","Pollination","D"
"E",133,"Flower-visiting insect","Pollination","D"
"E",145,"Flower-visiting insect","Pollination","D"
"E",146,"Flower-visiting insect","Pollination","D"
"E",157,"Flower-visiting insect","Pollination","D"
"E",161,"Flower-visiting insect","Pollination","D"
"E",189,"Flower-visiting insect","Pollination","D"
"E",204,"Flower-visiting insect","Pollination","D"
"E",206,"Flower-visiting insect","Pollination","D"
"E",209,"Flower-visiting insect","Pollination","D"
"E",225,"Flower-visiting insect","Pollination","D"
"E",235,"Flower-visiting insect","Pollination","D"
"E",241,"Flower-visiting insect","Pollination","D"
"E",249,"Flower-visiting insect","Pollination","D"
"E",253,"Flower-visiting insect","Pollination","D"
"E",262,"Flower-visiting insect","Pollination","D"
"E",279,"Flower-visiting insect","Pollination","D"
"E",293,"Flower-visiting insect","Pollination","D"
"E",321,"Flower-visiting insect","Pollination","D"
"E",333,"Flower-visiting insect","Pollination","D"
"E",510,"Butterfly","Pollination","D"
"E",513,"Butterfly","Pollination","D"
"E",518,"Butterfly","Pollination","D"
"E",519,"Butterfly","Pollination","D"
"E",522,"Butterfly","Pollination","D"
"E",524,"Butterfly","Pollination","D"
"E",107,"Flower-visiting insect","Pollination","D"
"E",121,"Flower-visiting insect","Pollination","D"
"E",123,"Flower-visiting insect","Pollination","D"
"E",165,"Flower-visiting insect","Pollination","D"
"E",191,"Flower-visiting insect","Pollination","D"
"E",207,"Flower-visiting insect","Pollination","D"
"E",218,"Flower-visiting insect","Pollination","D"
"E",226,"Flower-visiting insect","Pollination","D"
"E",231,"Flower-visiting insect","Pollination","D"
"E",265,"Flower-visiting insect","Pollination","D"
"E",280,"Flower-visiting insect","Pollination","D"
"E",284,"Flower-visiting insect","Pollination","D"
"E",288,"Flower-visiting insect","Pollination","D"
"E",297,"Flower-visiting insect","Pollination","D"
"E",303,"Flower-visiting insect","Pollination","D"
"E",304,"Flower-visiting insect","Pollination","D"
"E",311,"Flower-visiting insect","Pollination","D"
"E",312,"Flower-visiting insect","Pollination","D"
"E",318,"Flower-visiting insect","Pollination","D"
"E",325,"Flower-visiting insect","Pollination","D"
"E",94,"Flower-visiting insect","Pollination","D"
"E",97,"Flower-visiting insect","Pollination","D"
"E",98,"Flower-visiting insect","Pollination","D"
"E",101,"Flower-visiting insect","Pollination","D"
"E",105,"Flower-visiting insect","Pollination","D"
"E",111,"Flower-visiting insect","Pollination","D"
"E",114,"Flower-visiting insect","Pollination","D"
"E",115,"Flower-visiting insect","Pollination","D"
"E",116,"Flower-visiting insect","Pollination","D"
"E",127,"Flower-visiting insect","Pollination","D"
"E",128,"Flower-visiting insect","Pollination","D"
"E",130,"Flower-visiting insect","Pollination","D"
"E",131,"Flower-visiting insect","Pollination","D"
"E",153,"Flower-visiting insect","Pollination","D"
"E",155,"Flower-visiting insect","Pollination","D"
"E",156,"Flower-visiting insect","Pollination","D"
"E",163,"Flower-visiting insect","Pollination","D"
"E",168,"Flower-visiting insect","Pollination","D"
"E",170,"Flower-visiting insect","Pollination","D"
"E",171,"Flower-visiting insect","Pollination","D"
"E",174,"Flower-visiting insect","Pollination","D"
"E",176,"Flower-visiting insect","Pollination","D"
"E",178,"Flower-visiting insect","Pollination","D"
"E",181,"Flower-visiting insect","Pollination","D"
"E",183,"Flower-visiting insect","Pollination","D"
"E",186,"Flower-visiting insect","Pollination","D"
"E",193,"Flower-visiting insect","Pollination","D"
"E",195,"Flower-visiting insect","Pollination","D"
"E",208,"Flower-visiting insect","Pollination","D"
"E",210,"Flower-visiting insect","Pollination","D"
"E",212,"Flower-visiting insect","Pollination","D"
"E",213,"Flower-visiting insect","Pollination","D"
"E",215,"Flower-visiting insect","Pollination","D"
"E",221,"Flower-visiting insect","Pollination","D"
"E",223,"Flower-visiting insect","Pollination","D"
"E",228,"Flower-visiting insect","Pollination","D"
"E",229,"Flower-visiting insect","Pollination","D"
"E",230,"Flower-visiting insect","Pollination","D"
"E",234,"Flower-visiting insect","Pollination","D"
"E",236,"Flower-visiting insect","Pollination","D"
"E",238,"Flower-visiting insect","Pollination","D"
"E",246,"Flower-visiting insect","Pollination","D"
"E",255,"Flower-visiting insect","Pollination","D"
"E",257,"Flower-visiting insect","Pollination","D"
"E",258,"Flower-visiting insect","Pollination","D"
"E",260,"Flower-visiting insect","Pollination","D"
"E",267,"Flower-visiting insect","Pollination","D"
"E",268,"Flower-visiting insect","Pollination","D"
"E",270,"Flower-visiting insect","Pollination","D"
"E",271,"Flower-visiting insect","Pollination","D"
"E",276,"Flower-visiting insect","Pollination","D"
"E",277,"Flower-visiting insect","Pollination","D"
"E",286,"Flower-visiting insect","Pollination","D"
"E",287,"Flower-visiting insect","Pollination","D"
"E",292,"Flower-visiting insect","Pollination","D"
"E",294,"Flower-visiting insect","Pollination","D"
"E",305,"Flower-visiting insect","Pollination","D"
"E",319,"Flower-visiting insect","Pollination","D"
"E",322,"Flower-visiting insect","Pollination","D"
"E",327,"Flower-visiting insect","Pollination","D"
"E",332,"Flower-visiting insect","Pollination","D"
"E",509,"Butterfly","Pollination","D"
"E",129,"Flower-visiting insect","Pollination","D"
"E",144,"Flower-visiting insect","Pollination","D"
"E",150,"Flower-visiting insect","Pollination","D"
"E",166,"Flower-visiting insect","Pollination","D"
"E",172,"Flower-visiting insect","Pollination","D"
"E",179,"Flower-visiting insect","Pollination","D"
"E",182,"Flower-visiting insect","Pollination","D"
"E",200,"Flower-visiting insect","Pollination","D"
"E",214,"Flower-visiting insect","Pollination","D"
"E",219,"Flower-visiting insect","Pollination","D"
"E",220,"Flower-visiting insect","Pollination","D"
"E",233,"Flower-visiting insect","Pollination","D"
"E",240,"Flower-visiting insect","Pollination","D"
"E",251,"Flower-visiting insect","Pollination","D"
"E",263,"Flower-visiting insect","Pollination","D"
"E",285,"Flower-visiting insect","Pollination","D"
"E",289,"Flower-visiting insect","Pollination","D"
"E",291,"Flower-visiting insect","Pollination","D"
"E",309,"Flower-visiting insect","Pollination","D"
"E",314,"Flower-visiting insect","Pollination","D"
"E",323,"Flower-visiting insect","Pollination","D"
"E",329,"Flower-visiting insect","Pollination","D"
"E",331,"Flower-visiting insect","Pollination","D"
"E",103,"Flower-visiting insect","Pollination","D"
"E",159,"Flower-visiting insect","Pollination","D"
"E",205,"Flower-visiting insect","Pollination","D"
"E",266,"Flower-visiting insect","Pollination","D"
"E",273,"Flower-visiting insect","Pollination","D"
"E",298,"Flower-visiting insect","Pollination","D"
"E",313,"Flower-visiting insect","Pollination","D"
"E",108,"Flower-visiting insect","Pollination","D"
"E",119,"Flower-visiting insect","Pollination","D"
"E",148,"Flower-visiting insect","Pollination","D"
"E",194,"Flower-visiting insect","Pollination","D"
"E",202,"Flower-visiting insect","Pollination","D"
"E",211,"Flower-visiting insect","Pollination","D"
"E",224,"Flower-visiting insect","Pollination","D"
"E",290,"Flower-visiting insect","Pollination","D"
"E",295,"Flower-visiting insect","Pollination","D"
"E",296,"Flower-visiting insect","Pollination","D"
"E",516,"Butterfly","Pollination","D"
"E",96,"Flower-visiting insect","Pollination","D"
"E",100,"Flower-visiting insect","Pollination","D"
"E",102,"Flower-visiting insect","Pollination","D"
"E",104,"Flower-visiting insect","Pollination","D"
"E",109,"Flower-visiting insect","Pollination","D"
"E",110,"Flower-visiting insect","Pollination","D"
"E",113,"Flower-visiting insect","Pollination","D"
"E",124,"Flower-visiting insect","Pollination","D"
"E",139,"Flower-visiting insect","Pollination","D"
"E",140,"Flower-visiting insect","Pollination","D"
"E",141,"Flower-visiting insect","Pollination","D"
"E",142,"Flower-visiting insect","Pollination","D"
"E",143,"Flower-visiting insect","Pollination","D"
"E",147,"Flower-visiting insect","Pollination","D"
"E",149,"Flower-visiting insect","Pollination","D"
"E",151,"Flower-visiting insect","Pollination","D"
"E",154,"Flower-visiting insect","Pollination","D"
"E",162,"Flower-visiting insect","Pollination","D"
"E",169,"Flower-visiting insect","Pollination","D"
"E",185,"Flower-visiting insect","Pollination","D"
"E",188,"Flower-visiting insect","Pollination","D"
"E",198,"Flower-visiting insect","Pollination","D"
"E",201,"Flower-visiting insect","Pollination","D"
"E",237,"Flower-visiting insect","Pollination","D"
"E",248,"Flower-visiting insect","Pollination","D"
"E",252,"Flower-visiting insect","Pollination","D"
"E",256,"Flower-visiting insect","Pollination","D"
"E",264,"Flower-visiting insect","Pollination","D"
"E",269,"Flower-visiting insect","Pollination","D"
"E",283,"Flower-visiting insect","Pollination","D"
"E",307,"Flower-visiting insect","Pollination","D"
"E",308,"Flower-visiting insect","Pollination","D"
"E",310,"Flower-visiting insect","Pollination","D"
"E",317,"Flower-visiting insect","Pollination","D"
"E",326,"Flower-visiting insect","Pollination","D"
"E",328,"Flower-visiting insect","Pollination","D"
"E",330,"Flower-visiting insect","Pollination","D"
"E",334,"Flower-visiting insect","Pollination","D"
"E",112,"Flower-visiting insect","Pollination","D"
"E",199,"Flower-visiting insect","Pollination","D"
"SE",99,"Flower-visiting insect","Pollination","D"
"SE",117,"Flower-visiting insect","Pollination","D"
"SE",120,"Flower-visiting insect","Pollination","D"
"SE",122,"Flower-visiting insect","Pollination","D"
"SE",125,"Flower-visiting insect","Pollination","D"
"SE",126,"Flower-visiting insect","Pollination","D"
"SE",132,"Flower-visiting insect","Pollination","D"
"SE",134,"Flower-visiting insect","Pollination","D"
"SE",135,"Flower-visiting insect","Pollination","D"
"SE",136,"Flower-visiting insect","Pollination","D"
"SE",137,"Flower-visiting insect","Pollination","D"
"SE",138,"Flower-visiting insect","Pollination","D"
"SE",152,"Flower-visiting insect","Pollination","D"
"SE",158,"Flower-visiting insect","Pollination","D"
"SE",160,"Flower-visiting insect","Pollination","D"
"SE",164,"Flower-visiting insect","Pollination","D"
"SE",167,"Flower-visiting insect","Pollination","D"
"SE",173,"Flower-visiting insect","Pollination","D"
"SE",175,"Flower-visiting insect","Pollination","D"
"SE",177,"Flower-visiting insect","Pollination","D"
"SE",180,"Flower-visiting insect","Pollination","D"
"SE",184,"Flower-visiting insect","Pollination","D"
"SE",187,"Flower-visiting insect","Pollination","D"
"SE",190,"Flower-visiting insect","Pollination","D"
"SE",192,"Flower-visiting insect","Pollination","D"
"SE",196,"Flower-visiting insect","Pollination","D"
"SE",197,"Flower-visiting insect","Pollination","D"
"SE",203,"Flower-visiting insect","Pollination","D"
"SE",216,"Flower-visiting insect","Pollination","D"
"SE",217,"Flower-visiting insect","Pollination","D"
"SE",222,"Flower-visiting insect","Pollination","D"
"SE",227,"Flower-visiting insect","Pollination","D"
"SE",232,"Flower-visiting insect","Pollination","D"
"SE",239,"Flower-visiting insect","Pollination","D"
"SE",242,"Flower-visiting insect","Pollination","D"
"SE",243,"Flower-visiting insect","Pollination","D"
"SE",244,"Flower-visiting insect","Pollination","D"
"SE",245,"Flower-visiting insect","Pollination","D"
"SE",247,"Flower-visiting insect","Pollination","D"
"SE",250,"Flower-visiting insect","Pollination","D"
"SE",254,"Flower-visiting insect","Pollination","D"
"SE",259,"Flower-visiting insect","Pollination","D"
"SE",261,"Flower-visiting insect","Pollination","D"
"SE",272,"Flower-visiting insect","Pollination","D"
"SE",274,"Flower-visiting insect","Pollination","D"
"SE",275,"Flower-visiting insect","Pollination","D"
"SE",278,"Flower-visiting insect","Pollination","D"
"SE",281,"Flower-visiting insect","Pollination","D"
"SE",282,"Flower-visiting insect","Pollination","D"
"SE",299,"Flower-visiting insect","Pollination","D"
"SE",300,"Flower-visiting insect","Pollination","D"
"SE",301,"Flower-visiting insect","Pollination","D"
"SE",302,"Flower-visiting insect","Pollination","D"
"SE",306,"Flower-visiting insect","Pollination","D"
"SE",315,"Flower-visiting insect","Pollination","D"
"SE",316,"Flower-visiting insect","Pollination","D"
"SE",320,"Flower-visiting insect","Pollination","D"
"SE",324,"Flower-visiting insect","Pollination","D"
"SE",511,"Butterfly","Pollination","D"
"SE",512,"Butterfly","Pollination","D"
"SE",514,"Butterfly","Pollination","D"
"SE",515,"Butterfly","Pollination","D"
"SE",517,"Butterfly","Pollination","D"
"SE",520,"Butterfly","Pollination","D"
"SE",521,"Butterfly","Pollination","D"
"SE",523,"Butterfly","Pollination","D"
"SE",95,"Flower-visiting insect","Pollination","D"
"SE",106,"Flower-visiting insect","Pollination","D"
"SE",118,"Flower-visiting insect","Pollination","D"
"SE",133,"Flower-visiting insect","Pollination","D"
"SE",145,"Flower-visiting insect","Pollination","D"
"SE",146,"Flower-visiting insect","Pollination","D"
"SE",157,"Flower-visiting insect","Pollination","D"
"SE",161,"Flower-visiting insect","Pollination","D"
"SE",189,"Flower-visiting insect","Pollination","D"
"SE",204,"Flower-visiting insect","Pollination","D"
"SE",206,"Flower-visiting insect","Pollination","D"
"SE",209,"Flower-visiting insect","Pollination","D"
"SE",225,"Flower-visiting insect","Pollination","D"
"SE",235,"Flower-visiting insect","Pollination","D"
"SE",241,"Flower-visiting insect","Pollination","D"
"SE",249,"Flower-visiting insect","Pollination","D"
"SE",253,"Flower-visiting insect","Pollination","D"
"SE",262,"Flower-visiting insect","Pollination","D"
"SE",279,"Flower-visiting insect","Pollination","D"
"SE",293,"Flower-visiting insect","Pollination","D"
"SE",321,"Flower-visiting insect","Pollination","D"
"SE",333,"Flower-visiting insect","Pollination","D"
"SE",510,"Butterfly","Pollination","D"
"SE",513,"Butterfly","Pollination","D"
"SE",518,"Butterfly","Pollination","D"
"SE",519,"Butterfly","Pollination","D"
"SE",522,"Butterfly","Pollination","D"
"SE",524,"Butterfly","Pollination","D"
"SE",107,"Flower-visiting insect","Pollination","D"
"SE",121,"Flower-visiting insect","Pollination","D"
"SE",123,"Flower-visiting insect","Pollination","D"
"SE",165,"Flower-visiting insect","Pollination","D"
"SE",191,"Flower-visiting insect","Pollination","D"
"SE",207,"Flower-visiting insect","Pollination","D"
"SE",218,"Flower-visiting insect","Pollination","D"
"SE",226,"Flower-visiting insect","Pollination","D"
"SE",231,"Flower-visiting insect","Pollination","D"
"SE",265,"Flower-visiting insect","Pollination","D"
"SE",280,"Flower-visiting insect","Pollination","D"
"SE",284,"Flower-visiting insect","Pollination","D"
"SE",288,"Flower-visiting insect","Pollination","D"
"SE",297,"Flower-visiting insect","Pollination","D"
"SE",303,"Flower-visiting insect","Pollination","D"
"SE",304,"Flower-visiting insect","Pollination","D"
"SE",311,"Flower-visiting insect","Pollination","D"
"SE",312,"Flower-visiting insect","Pollination","D"
"SE",318,"Flower-visiting insect","Pollination","D"
"SE",325,"Flower-visiting insect","Pollination","D"
"SE",94,"Flower-visiting insect","Pollination","D"
"SE",97,"Flower-visiting insect","Pollination","D"
"SE",98,"Flower-visiting insect","Pollination","D"
"SE",101,"Flower-visiting insect","Pollination","D"
"SE",105,"Flower-visiting insect","Pollination","D"
"SE",111,"Flower-visiting insect","Pollination","D"
"SE",114,"Flower-visiting insect","Pollination","D"
"SE",115,"Flower-visiting insect","Pollination","D"
"SE",116,"Flower-visiting insect","Pollination","D"
"SE",127,"Flower-visiting insect","Pollination","D"
"SE",128,"Flower-visiting insect","Pollination","D"
"SE",130,"Flower-visiting insect","Pollination","D"
"SE",131,"Flower-visiting insect","Pollination","D"
"SE",153,"Flower-visiting insect","Pollination","D"
"SE",155,"Flower-visiting insect","Pollination","D"
"SE",156,"Flower-visiting insect","Pollination","D"
"SE",163,"Flower-visiting insect","Pollination","D"
"SE",168,"Flower-visiting insect","Pollination","D"
"SE",170,"Flower-visiting insect","Pollination","D"
"SE",171,"Flower-visiting insect","Pollination","D"
"SE",174,"Flower-visiting insect","Pollination","D"
"SE",176,"Flower-visiting insect","Pollination","D"
"SE",178,"Flower-visiting insect","Pollination","D"
"SE",181,"Flower-visiting insect","Pollination","D"
"SE",183,"Flower-visiting insect","Pollination","D"
"SE",186,"Flower-visiting insect","Pollination","D"
"SE",193,"Flower-visiting insect","Pollination","D"
"SE",195,"Flower-visiting insect","Pollination","D"
"SE",208,"Flower-visiting insect","Pollination","D"
"SE",210,"Flower-visiting insect","Pollination","D"
"SE",212,"Flower-visiting insect","Pollination","D"
"SE",213,"Flower-visiting insect","Pollination","D"
"SE",215,"Flower-visiting insect","Pollination","D"
"SE",221,"Flower-visiting insect","Pollination","D"
"SE",223,"Flower-visiting insect","Pollination","D"
"SE",228,"Flower-visiting insect","Pollination","D"
"SE",229,"Flower-visiting insect","Pollination","D"
"SE",230,"Flower-visiting insect","Pollination","D"
"SE",234,"Flower-visiting insect","Pollination","D"
"SE",236,"Flower-visiting insect","Pollination","D"
"SE",238,"Flower-visiting insect","Pollination","D"
"SE",246,"Flower-visiting insect","Pollination","D"
"SE",255,"Flower-visiting insect","Pollination","D"
"SE",257,"Flower-visiting insect","Pollination","D"
"SE",258,"Flower-visiting insect","Pollination","D"
"SE",260,"Flower-visiting insect","Pollination","D"
"SE",267,"Flower-visiting insect","Pollination","D"
"SE",268,"Flower-visiting insect","Pollination","D"
"SE",270,"Flower-visiting insect","Pollination","D"
"SE",271,"Flower-visiting insect","Pollination","D"
"SE",276,"Flower-visiting insect","Pollination","D"
"SE",277,"Flower-visiting insect","Pollination","D"
"SE",286,"Flower-visiting insect","Pollination","D"
"SE",287,"Flower-visiting insect","Pollination","D"
"SE",292,"Flower-visiting insect","Pollination","D"
"SE",294,"Flower-visiting insect","Pollination","D"
"SE",305,"Flower-visiting insect","Pollination","D"
"SE",319,"Flower-visiting insect","Pollination","D"
"SE",322,"Flower-visiting insect","Pollination","D"
"SE",327,"Flower-visiting insect","Pollination","D"
"SE",332,"Flower-visiting insect","Pollination","D"
"SE",509,"Butterfly","Pollination","D"
"SE",129,"Flower-visiting insect","Pollination","D"
"SE",144,"Flower-visiting insect","Pollination","D"
"SE",150,"Flower-visiting insect","Pollination","D"
"SE",166,"Flower-visiting insect","Pollination","D"
"SE",172,"Flower-visiting insect","Pollination","D"
"SE",179,"Flower-visiting insect","Pollination","D"
"SE",182,"Flower-visiting insect","Pollination","D"
"SE",200,"Flower-visiting insect","Pollination","D"
"SE",214,"Flower-visiting insect","Pollination","D"
"SE",219,"Flower-visiting insect","Pollination","D"
"SE",220,"Flower-visiting insect","Pollination","D"
"SE",233,"Flower-visiting insect","Pollination","D"
"SE",240,"Flower-visiting insect","Pollination","D"
"SE",251,"Flower-visiting insect","Pollination","D"
"SE",263,"Flower-visiting insect","Pollination","D"
"SE",285,"Flower-visiting insect","Pollination","D"
"SE",289,"Flower-visiting insect","Pollination","D"
"SE",291,"Flower-visiting insect","Pollination","D"
"SE",309,"Flower-visiting insect","Pollination","D"
"SE",314,"Flower-visiting insect","Pollination","D"
"SE",323,"Flower-visiting insect","Pollination","D"
"SE",329,"Flower-visiting insect","Pollination","D"
"SE",331,"Flower-visiting insect","Pollination","D"
"SE",103,"Flower-visiting insect","Pollination","D"
"SE",159,"Flower-visiting insect","Pollination","D"
"SE",205,"Flower-visiting insect","Pollination","D"
"SE",266,"Flower-visiting insect","Pollination","D"
"SE",273,"Flower-visiting insect","Pollination","D"
"SE",298,"Flower-visiting insect","Pollination","D"
"SE",313,"Flower-visiting insect","Pollination","D"
"SE",108,"Flower-visiting insect","Pollination","D"
"SE",119,"Flower-visiting insect","Pollination","D"
"SE",148,"Flower-visiting insect","Pollination","D"
"SE",194,"Flower-visiting insect","Pollination","D"
"SE",202,"Flower-visiting insect","Pollination","D"
"SE",211,"Flower-visiting insect","Pollination","D"
"SE",224,"Flower-visiting insect","Pollination","D"
"SE",290,"Flower-visiting insect","Pollination","D"
"SE",295,"Flower-visiting insect","Pollination","D"
"SE",296,"Flower-visiting insect","Pollination","D"
"SE",516,"Butterfly","Pollination","D"
"M",99,"Flower-visiting insect","Pollination","D"
"M",117,"Flower-visiting insect","Pollination","D"
"M",120,"Flower-visiting insect","Pollination","D"
"M",122,"Flower-visiting insect","Pollination","D"
"M",125,"Flower-visiting insect","Pollination","D"
"M",126,"Flower-visiting insect","Pollination","D"
"M",132,"Flower-visiting insect","Pollination","D"
"M",134,"Flower-visiting insect","Pollination","D"
"M",135,"Flower-visiting insect","Pollination","D"
"M",136,"Flower-visiting insect","Pollination","D"
"M",137,"Flower-visiting insect","Pollination","D"
"M",138,"Flower-visiting insect","Pollination","D"
"M",152,"Flower-visiting insect","Pollination","D"
"M",158,"Flower-visiting insect","Pollination","D"
"M",160,"Flower-visiting insect","Pollination","D"
"M",164,"Flower-visiting insect","Pollination","D"
"M",167,"Flower-visiting insect","Pollination","D"
"M",173,"Flower-visiting insect","Pollination","D"
"M",175,"Flower-visiting insect","Pollination","D"
"M",177,"Flower-visiting insect","Pollination","D"
"M",180,"Flower-visiting insect","Pollination","D"
"M",184,"Flower-visiting insect","Pollination","D"
"M",187,"Flower-visiting insect","Pollination","D"
"M",190,"Flower-visiting insect","Pollination","D"
"M",192,"Flower-visiting insect","Pollination","D"
"M",196,"Flower-visiting insect","Pollination","D"
"M",197,"Flower-visiting insect","Pollination","D"
"M",203,"Flower-visiting insect","Pollination","D"
"M",216,"Flower-visiting insect","Pollination","D"
"M",217,"Flower-visiting insect","Pollination","D"
"M",222,"Flower-visiting insect","Pollination","D"
"M",227,"Flower-visiting insect","Pollination","D"
"M",232,"Flower-visiting insect","Pollination","D"
"M",239,"Flower-visiting insect","Pollination","D"
"M",242,"Flower-visiting insect","Pollination","D"
"M",243,"Flower-visiting insect","Pollination","D"
"M",244,"Flower-visiting insect","Pollination","D"
"M",245,"Flower-visiting insect","Pollination","D"
"M",247,"Flower-visiting insect","Pollination","D"
"M",250,"Flower-visiting insect","Pollination","D"
"M",254,"Flower-visiting insect","Pollination","D"
"M",259,"Flower-visiting insect","Pollination","D"
"M",261,"Flower-visiting insect","Pollination","D"
"M",272,"Flower-visiting insect","Pollination","D"
"M",274,"Flower-visiting insect","Pollination","D"
"M",275,"Flower-visiting insect","Pollination","D"
"M",278,"Flower-visiting insect","Pollination","D"
"M",281,"Flower-visiting insect","Pollination","D"
"M",282,"Flower-visiting insect","Pollination","D"
"M",299,"Flower-visiting insect","Pollination","D"
"M",300,"Flower-visiting insect","Pollination","D"
"M",301,"Flower-visiting insect","Pollination","D"
"M",302,"Flower-visiting insect","Pollination","D"
"M",306,"Flower-visiting insect","Pollination","D"
"M",315,"Flower-visiting insect","Pollination","D"
"M",316,"Flower-visiting insect","Pollination","D"
"M",320,"Flower-visiting insect","Pollination","D"
"M",324,"Flower-visiting insect","Pollination","D"
"M",511,"Butterfly","Pollination","D"
"M",512,"Butterfly","Pollination","D"
"M",514,"Butterfly","Pollination","D"
"M",515,"Butterfly","Pollination","D"
"M",517,"Butterfly","Pollination","D"
"M",520,"Butterfly","Pollination","D"
"M",521,"Butterfly","Pollination","D"
"M",523,"Butterfly","Pollination","D"
"M",95,"Flower-visiting insect","Pollination","D"
"M",106,"Flower-visiting insect","Pollination","D"
"M",118,"Flower-visiting insect","Pollination","D"
"M",133,"Flower-visiting insect","Pollination","D"
"M",145,"Flower-visiting insect","Pollination","D"
"M",146,"Flower-visiting insect","Pollination","D"
"M",157,"Flower-visiting insect","Pollination","D"
"M",161,"Flower-visiting insect","Pollination","D"
"M",189,"Flower-visiting insect","Pollination","D"
"M",204,"Flower-visiting insect","Pollination","D"
"M",206,"Flower-visiting insect","Pollination","D"
"M",209,"Flower-visiting insect","Pollination","D"
"M",225,"Flower-visiting insect","Pollination","D"
"M",235,"Flower-visiting insect","Pollination","D"
"M",241,"Flower-visiting insect","Pollination","D"
"M",249,"Flower-visiting insect","Pollination","D"
"M",253,"Flower-visiting insect","Pollination","D"
"M",262,"Flower-visiting insect","Pollination","D"
"M",279,"Flower-visiting insect","Pollination","D"
"M",293,"Flower-visiting insect","Pollination","D"
"M",321,"Flower-visiting insect","Pollination","D"
"M",333,"Flower-visiting insect","Pollination","D"
"M",510,"Butterfly","Pollination","D"
"M",513,"Butterfly","Pollination","D"
"M",518,"Butterfly","Pollination","D"
"M",519,"Butterfly","Pollination","D"
"M",522,"Butterfly","Pollination","D"
"M",524,"Butterfly","Pollination","D"
"M",107,"Flower-visiting insect","Pollination","D"
"M",121,"Flower-visiting insect","Pollination","D"
"M",123,"Flower-visiting insect","Pollination","D"
"M",165,"Flower-visiting insect","Pollination","D"
"M",191,"Flower-visiting insect","Pollination","D"
"M",207,"Flower-visiting insect","Pollination","D"
"M",218,"Flower-visiting insect","Pollination","D"
"M",226,"Flower-visiting insect","Pollination","D"
"M",231,"Flower-visiting insect","Pollination","D"
"M",265,"Flower-visiting insect","Pollination","D"
"M",280,"Flower-visiting insect","Pollination","D"
"M",284,"Flower-visiting insect","Pollination","D"
"M",288,"Flower-visiting insect","Pollination","D"
"M",297,"Flower-visiting insect","Pollination","D"
"M",303,"Flower-visiting insect","Pollination","D"
"M",304,"Flower-visiting insect","Pollination","D"
"M",311,"Flower-visiting insect","Pollination","D"
"M",312,"Flower-visiting insect","Pollination","D"
"M",318,"Flower-visiting insect","Pollination","D"
"M",325,"Flower-visiting insect","Pollination","D"
"M",103,"Flower-visiting insect","Pollination","D"
"M",116,"Flower-visiting insect","Pollination","D"
"M",144,"Flower-visiting insect","Pollination","D"
"M",159,"Flower-visiting insect","Pollination","D"
"M",182,"Flower-visiting insect","Pollination","D"
"M",183,"Flower-visiting insect","Pollination","D"
"M",205,"Flower-visiting insect","Pollination","D"
"M",260,"Flower-visiting insect","Pollination","D"
"M",266,"Flower-visiting insect","Pollination","D"
"M",273,"Flower-visiting insect","Pollination","D"
"M",298,"Flower-visiting insect","Pollination","D"
"M",313,"Flower-visiting insect","Pollination","D"
"M",108,"Flower-visiting insect","Pollination","D"
"M",119,"Flower-visiting insect","Pollination","D"
"M",148,"Flower-visiting insect","Pollination","D"
"M",194,"Flower-visiting insect","Pollination","D"
"M",195,"Flower-visiting insect","Pollination","D"
"M",202,"Flower-visiting insect","Pollination","D"
"M",211,"Flower-visiting insect","Pollination","D"
"M",224,"Flower-visiting insect","Pollination","D"
"M",290,"Flower-visiting insect","Pollination","D"
"M",291,"Flower-visiting insect","Pollination","D"
"M",295,"Flower-visiting insect","Pollination","D"
"M",296,"Flower-visiting insect","Pollination","D"
"M",331,"Flower-visiting insect","Pollination","D"
"M",516,"Butterfly","Pollination","D"
"SI",99,"Flower-visiting insect","Pollination","D"
"SI",117,"Flower-visiting insect","Pollination","D"
"SI",120,"Flower-visiting insect","Pollination","D"
"SI",122,"Flower-visiting insect","Pollination","D"
"SI",125,"Flower-visiting insect","Pollination","D"
"SI",126,"Flower-visiting insect","Pollination","D"
"SI",132,"Flower-visiting insect","Pollination","D"
"SI",134,"Flower-visiting insect","Pollination","D"
"SI",135,"Flower-visiting insect","Pollination","D"
"SI",136,"Flower-visiting insect","Pollination","D"
"SI",137,"Flower-visiting insect","Pollination","D"
"SI",138,"Flower-visiting insect","Pollination","D"
"SI",152,"Flower-visiting insect","Pollination","D"
"SI",158,"Flower-visiting insect","Pollination","D"
"SI",160,"Flower-visiting insect","Pollination","D"
"SI",164,"Flower-visiting insect","Pollination","D"
"SI",167,"Flower-visiting insect","Pollination","D"
"SI",173,"Flower-visiting insect","Pollination","D"
"SI",175,"Flower-visiting insect","Pollination","D"
"SI",177,"Flower-visiting insect","Pollination","D"
"SI",180,"Flower-visiting insect","Pollination","D"
"SI",184,"Flower-visiting insect","Pollination","D"
"SI",187,"Flower-visiting insect","Pollination","D"
"SI",190,"Flower-visiting insect","Pollination","D"
"SI",192,"Flower-visiting insect","Pollination","D"
"SI",196,"Flower-visiting insect","Pollination","D"
"SI",197,"Flower-visiting insect","Pollination","D"
"SI",203,"Flower-visiting insect","Pollination","D"
"SI",216,"Flower-visiting insect","Pollination","D"
"SI",217,"Flower-visiting insect","Pollination","D"
"SI",222,"Flower-visiting insect","Pollination","D"
"SI",227,"Flower-visiting insect","Pollination","D"
"SI",232,"Flower-visiting insect","Pollination","D"
"SI",239,"Flower-visiting insect","Pollination","D"
"SI",242,"Flower-visiting insect","Pollination","D"
"SI",243,"Flower-visiting insect","Pollination","D"
"SI",244,"Flower-visiting insect","Pollination","D"
"SI",245,"Flower-visiting insect","Pollination","D"
"SI",247,"Flower-visiting insect","Pollination","D"
"SI",250,"Flower-visiting insect","Pollination","D"
"SI",254,"Flower-visiting insect","Pollination","D"
"SI",259,"Flower-visiting insect","Pollination","D"
"SI",261,"Flower-visiting insect","Pollination","D"
"SI",272,"Flower-visiting insect","Pollination","D"
"SI",274,"Flower-visiting insect","Pollination","D"
"SI",275,"Flower-visiting insect","Pollination","D"
"SI",278,"Flower-visiting insect","Pollination","D"
"SI",281,"Flower-visiting insect","Pollination","D"
"SI",282,"Flower-visiting insect","Pollination","D"
"SI",299,"Flower-visiting insect","Pollination","D"
"SI",300,"Flower-visiting insect","Pollination","D"
"SI",301,"Flower-visiting insect","Pollination","D"
"SI",302,"Flower-visiting insect","Pollination","D"
"SI",306,"Flower-visiting insect","Pollination","D"
"SI",315,"Flower-visiting insect","Pollination","D"
"SI",316,"Flower-visiting insect","Pollination","D"
"SI",320,"Flower-visiting insect","Pollination","D"
"SI",324,"Flower-visiting insect","Pollination","D"
"SI",511,"Butterfly","Pollination","D"
"SI",512,"Butterfly","Pollination","D"
"SI",514,"Butterfly","Pollination","D"
"SI",515,"Butterfly","Pollination","D"
"SI",517,"Butterfly","Pollination","D"
"SI",520,"Butterfly","Pollination","D"
"SI",521,"Butterfly","Pollination","D"
"SI",523,"Butterfly","Pollination","D"
"SI",95,"Flower-visiting insect","Pollination","D"
"SI",106,"Flower-visiting insect","Pollination","D"
"SI",107,"Flower-visiting insect","Pollination","D"
"SI",118,"Flower-visiting insect","Pollination","D"
"SI",121,"Flower-visiting insect","Pollination","D"
"SI",123,"Flower-visiting insect","Pollination","D"
"SI",165,"Flower-visiting insect","Pollination","D"
"SI",191,"Flower-visiting insect","Pollination","D"
"SI",207,"Flower-visiting insect","Pollination","D"
"SI",218,"Flower-visiting insect","Pollination","D"
"SI",226,"Flower-visiting insect","Pollination","D"
"SI",231,"Flower-visiting insect","Pollination","D"
"SI",265,"Flower-visiting insect","Pollination","D"
"SI",280,"Flower-visiting insect","Pollination","D"
"SI",284,"Flower-visiting insect","Pollination","D"
"SI",288,"Flower-visiting insect","Pollination","D"
"SI",297,"Flower-visiting insect","Pollination","D"
"SI",303,"Flower-visiting insect","Pollination","D"
"SI",304,"Flower-visiting insect","Pollination","D"
"SI",311,"Flower-visiting insect","Pollination","D"
"SI",312,"Flower-visiting insect","Pollination","D"
"SI",318,"Flower-visiting insect","Pollination","D"
"SI",325,"Flower-visiting insect","Pollination","D"
"SI",513,"Butterfly","Pollination","D"
"SI",293,"Flower-visiting insect","Pollination","D"
"SI",522,"Butterfly","Pollination","D"
"SI",103,"Flower-visiting insect","Pollination","D"
"SI",116,"Flower-visiting insect","Pollination","D"
"SI",144,"Flower-visiting insect","Pollination","D"
"SI",159,"Flower-visiting insect","Pollination","D"
"SI",182,"Flower-visiting insect","Pollination","D"
"SI",183,"Flower-visiting insect","Pollination","D"
"SI",205,"Flower-visiting insect","Pollination","D"
"SI",260,"Flower-visiting insect","Pollination","D"
"SI",266,"Flower-visiting insect","Pollination","D"
"SI",273,"Flower-visiting insect","Pollination","D"
"SI",298,"Flower-visiting insect","Pollination","D"
"SI",313,"Flower-visiting insect","Pollination","D"
"SI",108,"Flower-visiting insect","Pollination","D"
"SI",119,"Flower-visiting insect","Pollination","D"
"SI",148,"Flower-visiting insect","Pollination","D"
"SI",189,"Flower-visiting insect","Pollination","D"
"SI",194,"Flower-visiting insect","Pollination","D"
"SI",195,"Flower-visiting insect","Pollination","D"
"SI",202,"Flower-visiting insect","Pollination","D"
"SI",204,"Flower-visiting insect","Pollination","D"
"SI",211,"Flower-visiting insect","Pollination","D"
"SI",224,"Flower-visiting insect","Pollination","D"
"SI",253,"Flower-visiting insect","Pollination","D"
"SI",279,"Flower-visiting insect","Pollination","D"
"SI",290,"Flower-visiting insect","Pollination","D"
"SI",291,"Flower-visiting insect","Pollination","D"
"SI",295,"Flower-visiting insect","Pollination","D"
"SI",296,"Flower-visiting insect","Pollination","D"
"SI",331,"Flower-visiting insect","Pollination","D"
"SI",510,"Butterfly","Pollination","D"
"SI",516,"Butterfly","Pollination","D"
"I",99,"Flower-visiting insect","Pollination","D"
"I",117,"Flower-visiting insect","Pollination","D"
"I",120,"Flower-visiting insect","Pollination","D"
"I",122,"Flower-visiting insect","Pollination","D"
"I",125,"Flower-visiting insect","Pollination","D"
"I",126,"Flower-visiting insect","Pollination","D"
"I",132,"Flower-visiting insect","Pollination","D"
"I",134,"Flower-visiting insect","Pollination","D"
"I",135,"Flower-visiting insect","Pollination","D"
"I",136,"Flower-visiting insect","Pollination","D"
"I",137,"Flower-visiting insect","Pollination","D"
"I",138,"Flower-visiting insect","Pollination","D"
"I",152,"Flower-visiting insect","Pollination","D"
"I",158,"Flower-visiting insect","Pollination","D"
"I",160,"Flower-visiting insect","Pollination","D"
"I",164,"Flower-visiting insect","Pollination","D"
"I",167,"Flower-visiting insect","Pollination","D"
"I",173,"Flower-visiting insect","Pollination","D"
"I",175,"Flower-visiting insect","Pollination","D"
"I",177,"Flower-visiting insect","Pollination","D"
"I",180,"Flower-visiting insect","Pollination","D"
"I",184,"Flower-visiting insect","Pollination","D"
"I",187,"Flower-visiting insect","Pollination","D"
"I",190,"Flower-visiting insect","Pollination","D"
"I",192,"Flower-visiting insect","Pollination","D"
"I",196,"Flower-visiting insect","Pollination","D"
"I",197,"Flower-visiting insect","Pollination","D"
"I",203,"Flower-visiting insect","Pollination","D"
"I",216,"Flower-visiting insect","Pollination","D"
"I",217,"Flower-visiting insect","Pollination","D"
"I",222,"Flower-visiting insect","Pollination","D"
"I",227,"Flower-visiting insect","Pollination","D"
"I",232,"Flower-visiting insect","Pollination","D"
"I",239,"Flower-visiting insect","Pollination","D"
"I",242,"Flower-visiting insect","Pollination","D"
"I",243,"Flower-visiting insect","Pollination","D"
"I",244,"Flower-visiting insect","Pollination","D"
"I",245,"Flower-visiting insect","Pollination","D"
"I",247,"Flower-visiting insect","Pollination","D"
"I",250,"Flower-visiting insect","Pollination","D"
"I",254,"Flower-visiting insect","Pollination","D"
"I",259,"Flower-visiting insect","Pollination","D"
"I",261,"Flower-visiting insect","Pollination","D"
"I",272,"Flower-visiting insect","Pollination","D"
"I",274,"Flower-visiting insect","Pollination","D"
"I",275,"Flower-visiting insect","Pollination","D"
"I",278,"Flower-visiting insect","Pollination","D"
"I",281,"Flower-visiting insect","Pollination","D"
"I",282,"Flower-visiting insect","Pollination","D"
"I",299,"Flower-visiting insect","Pollination","D"
"I",300,"Flower-visiting insect","Pollination","D"
"I",301,"Flower-visiting insect","Pollination","D"
"I",302,"Flower-visiting insect","Pollination","D"
"I",306,"Flower-visiting insect","Pollination","D"
"I",315,"Flower-visiting insect","Pollination","D"
"I",316,"Flower-visiting insect","Pollination","D"
"I",320,"Flower-visiting insect","Pollination","D"
"I",324,"Flower-visiting insect","Pollination","D"
"I",511,"Butterfly","Pollination","D"
"I",512,"Butterfly","Pollination","D"
"I",514,"Butterfly","Pollination","D"
"I",515,"Butterfly","Pollination","D"
"I",517,"Butterfly","Pollination","D"
"I",520,"Butterfly","Pollination","D"
"I",521,"Butterfly","Pollination","D"
"I",523,"Butterfly","Pollination","D"
"I",95,"Flower-visiting insect","Pollination","D"
"I",106,"Flower-visiting insect","Pollination","D"
"I",107,"Flower-visiting insect","Pollination","D"
"I",118,"Flower-visiting insect","Pollination","D"
"I",121,"Flower-visiting insect","Pollination","D"
"I",123,"Flower-visiting insect","Pollination","D"
"I",165,"Flower-visiting insect","Pollination","D"
"I",191,"Flower-visiting insect","Pollination","D"
"I",207,"Flower-visiting insect","Pollination","D"
"I",218,"Flower-visiting insect","Pollination","D"
"I",226,"Flower-visiting insect","Pollination","D"
"I",231,"Flower-visiting insect","Pollination","D"
"I",265,"Flower-visiting insect","Pollination","D"
"I",280,"Flower-visiting insect","Pollination","D"
"I",284,"Flower-visiting insect","Pollination","D"
"I",288,"Flower-visiting insect","Pollination","D"
"I",297,"Flower-visiting insect","Pollination","D"
"I",303,"Flower-visiting insect","Pollination","D"
"I",304,"Flower-visiting insect","Pollination","D"
"I",311,"Flower-visiting insect","Pollination","D"
"I",312,"Flower-visiting insect","Pollination","D"
"I",318,"Flower-visiting insect","Pollination","D"
"I",325,"Flower-visiting insect","Pollination","D"
"I",513,"Butterfly","Pollination","D"
"I",293,"Flower-visiting insect","Pollination","D"
"I",522,"Butterfly","Pollination","D"
"I",103,"Flower-visiting insect","Pollination","D"
"I",116,"Flower-visiting insect","Pollination","D"
"I",144,"Flower-visiting insect","Pollination","D"
"I",159,"Flower-visiting insect","Pollination","D"
"I",182,"Flower-visiting insect","Pollination","D"
"I",183,"Flower-visiting insect","Pollination","D"
"I",205,"Flower-visiting insect","Pollination","D"
"I",260,"Flower-visiting insect","Pollination","D"
"I",266,"Flower-visiting insect","Pollination","D"
"I",273,"Flower-visiting insect","Pollination","D"
"I",298,"Flower-visiting insect","Pollination","D"
"I",313,"Flower-visiting insect","Pollination","D"
"I",108,"Flower-visiting insect","Pollination","D"
"I",119,"Flower-visiting insect","Pollination","D"
"I",148,"Flower-visiting insect","Pollination","D"
"I",189,"Flower-visiting insect","Pollination","D"
"I",194,"Flower-visiting insect","Pollination","D"
"I",195,"Flower-visiting insect","Pollination","D"
"I",202,"Flower-visiting insect","Pollination","D"
"I",204,"Flower-visiting insect","Pollination","D"
"I",211,"Flower-visiting insect","Pollination","D"
"I",224,"Flower-visiting insect","Pollination","D"
"I",253,"Flower-visiting insect","Pollination","D"
"I",279,"Flower-visiting insect","Pollination","D"
"I",290,"Flower-visiting insect","Pollination","D"
"I",291,"Flower-visiting insect","Pollination","D"
"I",295,"Flower-visiting insect","Pollination","D"
"I",296,"Flower-visiting insect","Pollination","D"
"I",331,"Flower-visiting insect","Pollination","D"
"I",510,"Butterfly","Pollination","D"
"I",516,"Butterfly","Pollination","D"
"E",339,"Aphid","Crop damage","D"
"E",341,"Aphid","Crop damage","D"
"E",342,"Aphid","Crop damage","D"
"E",346,"Aphid","Crop damage","D"
"E",347,"Aphid","Crop damage","D"
"E",349,"Aphid","Crop damage","D"
"E",352,"Aphid","Crop damage","D"
"E",355,"Aphid","Crop damage","D"
"E",356,"Aphid","Crop damage","D"
"E",359,"Aphid","Crop damage","D"
"E",361,"Aphid","Crop damage","D"
"E",480,"Seed-feeding insect","Crop damage","D"
"E",493,"Seed-feeding bird","Crop damage","D"
"E",494,"Seed-feeding bird","Crop damage","D"
"E",495,"Seed-feeding bird","Crop damage","D"
"E",496,"Seed-feeding bird","Crop damage","D"
"E",497,"Seed-feeding bird","Crop damage","D"
"E",498,"Seed-feeding bird","Crop damage","D"
"E",499,"Seed-feeding bird","Crop damage","D"
"E",500,"Seed-feeding bird","Crop damage","D"
"E",501,"Seed-feeding bird","Crop damage","D"
"E",502,"Seed-feeding bird","Crop damage","D"
"E",503,"Seed-feeding bird","Crop damage","D"
"E",343,"Aphid","Crop damage","D"
"E",482,"Seed-feeding insect","Crop damage","D"
"E",490,"Seed-feeding insect","Crop damage","D"
"E",491,"Seed-feeding insect","Crop damage","D"
"E",492,"Seed-feeding insect","Crop damage","D"
"E",506,"Seed-feeding rodent","Crop damage","D"
"E",335,"Aphid","Crop damage","D"
"E",360,"Aphid","Crop damage","D"
"E",481,"Seed-feeding insect","Crop damage","D"
"E",484,"Seed-feeding insect","Crop damage","D"
"E",338,"Aphid","Crop damage","D"
"E",340,"Aphid","Crop damage","D"
"E",348,"Aphid","Crop damage","D"
"E",350,"Aphid","Crop damage","D"
"E",354,"Aphid","Crop damage","D"
"E",357,"Aphid","Crop damage","D"
"E",474,"Seed-feeding insect","Crop damage","D"
"E",489,"Seed-feeding insect","Crop damage","D"
"E",505,"Seed-feeding rodent","Crop damage","D"
"E",508,"Seed-feeding rodent","Crop damage","D"
"E",337,"Aphid","Crop damage","D"
"E",345,"Aphid","Crop damage","D"
"E",351,"Aphid","Crop damage","D"
"E",507,"Seed-feeding rodent","Crop damage","D"
"E",353,"Aphid","Crop damage","D"
"E",358,"Aphid","Crop damage","D"
"E",362,"Aphid","Crop damage","D"
"E",476,"Seed-feeding insect","Crop damage","D"
"E",483,"Seed-feeding insect","Crop damage","D"
"E",475,"Seed-feeding insect","Crop damage","D"
"E",477,"Seed-feeding insect","Crop damage","D"
"E",478,"Seed-feeding insect","Crop damage","D"
"E",479,"Seed-feeding insect","Crop damage","D"
"E",485,"Seed-feeding insect","Crop damage","D"
"E",486,"Seed-feeding insect","Crop damage","D"
"E",487,"Seed-feeding insect","Crop damage","D"
"E",488,"Seed-feeding insect","Crop damage","D"
"E",504,"Seed-feeding bird","Crop damage","D"
"E",336,"Aphid","Crop damage","D"
"E",344,"Aphid","Crop damage","D"
"SE",339,"Aphid","Crop damage","D"
"SE",341,"Aphid","Crop damage","D"
"SE",342,"Aphid","Crop damage","D"
"SE",346,"Aphid","Crop damage","D"
"SE",347,"Aphid","Crop damage","D"
"SE",349,"Aphid","Crop damage","D"
"SE",352,"Aphid","Crop damage","D"
"SE",355,"Aphid","Crop damage","D"
"SE",356,"Aphid","Crop damage","D"
"SE",359,"Aphid","Crop damage","D"
"SE",361,"Aphid","Crop damage","D"
"SE",480,"Seed-feeding insect","Crop damage","D"
"SE",493,"Seed-feeding bird","Crop damage","D"
"SE",494,"Seed-feeding bird","Crop damage","D"
"SE",495,"Seed-feeding bird","Crop damage","D"
"SE",496,"Seed-feeding bird","Crop damage","D"
"SE",497,"Seed-feeding bird","Crop damage","D"
"SE",498,"Seed-feeding bird","Crop damage","D"
"SE",499,"Seed-feeding bird","Crop damage","D"
"SE",500,"Seed-feeding bird","Crop damage","D"
"SE",501,"Seed-feeding bird","Crop damage","D"
"SE",502,"Seed-feeding bird","Crop damage","D"
"SE",503,"Seed-feeding bird","Crop damage","D"
"SE",343,"Aphid","Crop damage","D"
"SE",482,"Seed-feeding insect","Crop damage","D"
"SE",490,"Seed-feeding insect","Crop damage","D"
"SE",491,"Seed-feeding insect","Crop damage","D"
"SE",492,"Seed-feeding insect","Crop damage","D"
"SE",506,"Seed-feeding rodent","Crop damage","D"
"SE",335,"Aphid","Crop damage","D"
"SE",360,"Aphid","Crop damage","D"
"SE",481,"Seed-feeding insect","Crop damage","D"
"SE",484,"Seed-feeding insect","Crop damage","D"
"SE",338,"Aphid","Crop damage","D"
"SE",340,"Aphid","Crop damage","D"
"SE",348,"Aphid","Crop damage","D"
"SE",350,"Aphid","Crop damage","D"
"SE",354,"Aphid","Crop damage","D"
"SE",357,"Aphid","Crop damage","D"
"SE",474,"Seed-feeding insect","Crop damage","D"
"SE",489,"Seed-feeding insect","Crop damage","D"
"SE",505,"Seed-feeding rodent","Crop damage","D"
"SE",508,"Seed-feeding rodent","Crop damage","D"
"SE",337,"Aphid","Crop damage","D"
"SE",345,"Aphid","Crop damage","D"
"SE",351,"Aphid","Crop damage","D"
"SE",507,"Seed-feeding rodent","Crop damage","D"
"SE",353,"Aphid","Crop damage","D"
"SE",358,"Aphid","Crop damage","D"
"SE",362,"Aphid","Crop damage","D"
"SE",476,"Seed-feeding insect","Crop damage","D"
"SE",483,"Seed-feeding insect","Crop damage","D"
"M",339,"Aphid","Crop damage","D"
"M",341,"Aphid","Crop damage","D"
"M",342,"Aphid","Crop damage","D"
"M",346,"Aphid","Crop damage","D"
"M",347,"Aphid","Crop damage","D"
"M",349,"Aphid","Crop damage","D"
"M",352,"Aphid","Crop damage","D"
"M",355,"Aphid","Crop damage","D"
"M",356,"Aphid","Crop damage","D"
"M",359,"Aphid","Crop damage","D"
"M",361,"Aphid","Crop damage","D"
"M",480,"Seed-feeding insect","Crop damage","D"
"M",493,"Seed-feeding bird","Crop damage","D"
"M",494,"Seed-feeding bird","Crop damage","D"
"M",495,"Seed-feeding bird","Crop damage","D"
"M",496,"Seed-feeding bird","Crop damage","D"
"M",497,"Seed-feeding bird","Crop damage","D"
"M",498,"Seed-feeding bird","Crop damage","D"
"M",499,"Seed-feeding bird","Crop damage","D"
"M",500,"Seed-feeding bird","Crop damage","D"
"M",501,"Seed-feeding bird","Crop damage","D"
"M",502,"Seed-feeding bird","Crop damage","D"
"M",503,"Seed-feeding bird","Crop damage","D"
"M",343,"Aphid","Crop damage","D"
"M",482,"Seed-feeding insect","Crop damage","D"
"M",490,"Seed-feeding insect","Crop damage","D"
"M",491,"Seed-feeding insect","Crop damage","D"
"M",492,"Seed-feeding insect","Crop damage","D"
"M",506,"Seed-feeding rodent","Crop damage","D"
"M",335,"Aphid","Crop damage","D"
"M",360,"Aphid","Crop damage","D"
"M",481,"Seed-feeding insect","Crop damage","D"
"M",484,"Seed-feeding insect","Crop damage","D"
"M",353,"Aphid","Crop damage","D"
"M",358,"Aphid","Crop damage","D"
"M",362,"Aphid","Crop damage","D"
"M",476,"Seed-feeding insect","Crop damage","D"
"M",483,"Seed-feeding insect","Crop damage","D"
"SI",339,"Aphid","Crop damage","D"
"SI",341,"Aphid","Crop damage","D"
"SI",342,"Aphid","Crop damage","D"
"SI",346,"Aphid","Crop damage","D"
"SI",347,"Aphid","Crop damage","D"
"SI",349,"Aphid","Crop damage","D"
"SI",352,"Aphid","Crop damage","D"
"SI",355,"Aphid","Crop damage","D"
"SI",356,"Aphid","Crop damage","D"
"SI",359,"Aphid","Crop damage","D"
"SI",361,"Aphid","Crop damage","D"
"SI",480,"Seed-feeding insect","Crop damage","D"
"SI",493,"Seed-feeding bird","Crop damage","D"
"SI",494,"Seed-feeding bird","Crop damage","D"
"SI",495,"Seed-feeding bird","Crop damage","D"
"SI",496,"Seed-feeding bird","Crop damage","D"
"SI",497,"Seed-feeding bird","Crop damage","D"
"SI",498,"Seed-feeding bird","Crop damage","D"
"SI",499,"Seed-feeding bird","Crop damage","D"
"SI",500,"Seed-feeding bird","Crop damage","D"
"SI",501,"Seed-feeding bird","Crop damage","D"
"SI",502,"Seed-feeding bird","Crop damage","D"
"SI",503,"Seed-feeding bird","Crop damage","D"
"SI",335,"Aphid","Crop damage","D"
"SI",360,"Aphid","Crop damage","D"
"SI",482,"Seed-feeding insect","Crop damage","D"
"SI",481,"Seed-feeding insect","Crop damage","D"
"SI",484,"Seed-feeding insect","Crop damage","D"
"SI",353,"Aphid","Crop damage","D"
"SI",358,"Aphid","Crop damage","D"
"SI",362,"Aphid","Crop damage","D"
"SI",343,"Aphid","Crop damage","D"
"SI",476,"Seed-feeding insect","Crop damage","D"
"SI",483,"Seed-feeding insect","Crop damage","D"
"SI",490,"Seed-feeding insect","Crop damage","D"
"I",339,"Aphid","Crop damage","D"
"I",341,"Aphid","Crop damage","D"
"I",342,"Aphid","Crop damage","D"
"I",346,"Aphid","Crop damage","D"
"I",347,"Aphid","Crop damage","D"
"I",349,"Aphid","Crop damage","D"
"I",352,"Aphid","Crop damage","D"
"I",355,"Aphid","Crop damage","D"
"I",356,"Aphid","Crop damage","D"
"I",359,"Aphid","Crop damage","D"
"I",361,"Aphid","Crop damage","D"
"I",480,"Seed-feeding insect","Crop damage","D"
"I",493,"Seed-feeding bird","Crop damage","D"
"I",494,"Seed-feeding bird","Crop damage","D"
"I",495,"Seed-feeding bird","Crop damage","D"
"I",496,"Seed-feeding bird","Crop damage","D"
"I",497,"Seed-feeding bird","Crop damage","D"
"I",498,"Seed-feeding bird","Crop damage","D"
"I",499,"Seed-feeding bird","Crop damage","D"
"I",500,"Seed-feeding bird","Crop damage","D"
"I",501,"Seed-feeding bird","Crop damage","D"
"I",502,"Seed-feeding bird","Crop damage","D"
"I",503,"Seed-feeding bird","Crop damage","D"
"I",335,"Aphid","Crop damage","D"
"I",360,"Aphid","Crop damage","D"
"I",482,"Seed-feeding insect","Crop damage","D"
"I",481,"Seed-feeding insect","Crop damage","D"
"I",484,"Seed-feeding insect","Crop damage","D"
"I",353,"Aphid","Crop damage","D"
"I",358,"Aphid","Crop damage","D"
"I",362,"Aphid","Crop damage","D"
"I",343,"Aphid","Crop damage","D"
"I",476,"Seed-feeding insect","Crop damage","D"
"I",483,"Seed-feeding insect","Crop damage","D"
"I",490,"Seed-feeding insect","Crop damage","D"
"E",363,"Primary aphid parasitoid","Pest control","D"
"E",365,"Primary aphid parasitoid","Pest control","D"
"E",366,"Primary aphid parasitoid","Pest control","D"
"E",367,"Primary aphid parasitoid","Pest control","D"
"E",368,"Primary aphid parasitoid","Pest control","D"
"E",370,"Primary aphid parasitoid","Pest control","D"
"E",372,"Primary aphid parasitoid","Pest control","D"
"E",374,"Secondary aphid parasitoid","Pest control","D"
"E",375,"Secondary aphid parasitoid","Pest control","D"
"E",376,"Secondary aphid parasitoid","Pest control","D"
"E",378,"Secondary aphid parasitoid","Pest control","D"
"E",379,"Secondary aphid parasitoid","Pest control","D"
"E",387,"Leaf-miner parasitoid","Pest control","D"
"E",388,"Leaf-miner parasitoid","Pest control","D"
"E",392,"Leaf-miner parasitoid","Pest control","D"
"E",395,"Leaf-miner parasitoid","Pest control","D"
"E",399,"Leaf-miner parasitoid","Pest control","D"
"E",408,"Leaf-miner parasitoid","Pest control","D"
"E",410,"Leaf-miner parasitoid","Pest control","D"
"E",413,"Leaf-miner parasitoid","Pest control","D"
"E",415,"Leaf-miner parasitoid","Pest control","D"
"E",417,"Leaf-miner parasitoid","Pest control","D"
"E",419,"Leaf-miner parasitoid","Pest control","D"
"E",420,"Leaf-miner parasitoid","Pest control","D"
"E",423,"Leaf-miner parasitoid","Pest control","D"
"E",424,"Leaf-miner parasitoid","Pest control","D"
"E",427,"Leaf-miner parasitoid","Pest control","D"
"E",428,"Leaf-miner parasitoid","Pest control","D"
"E",431,"Leaf-miner parasitoid","Pest control","D"
"E",433,"Leaf-miner parasitoid","Pest control","D"
"E",435,"Leaf-miner parasitoid","Pest control","D"
"E",436,"Leaf-miner parasitoid","Pest control","D"
"E",437,"Leaf-miner parasitoid","Pest control","D"
"E",438,"Leaf-miner parasitoid","Pest control","D"
"E",439,"Leaf-miner parasitoid","Pest control","D"
"E",443,"Leaf-miner parasitoid","Pest control","D"
"E",445,"Leaf-miner parasitoid","Pest control","D"
"E",453,"Leaf-miner parasitoid","Pest control","D"
"E",455,"Leaf-miner parasitoid","Pest control","D"
"E",456,"Leaf-miner parasitoid","Pest control","D"
"E",461,"Leaf-miner parasitoid","Pest control","D"
"E",463,"Leaf-miner parasitoid","Pest control","D"
"E",465,"Leaf-miner parasitoid","Pest control","D"
"E",467,"Leaf-miner parasitoid","Pest control","D"
"E",468,"Leaf-miner parasitoid","Pest control","D"
"E",469,"Leaf-miner parasitoid","Pest control","D"
"E",405,"Leaf-miner parasitoid","Pest control","D"
"E",421,"Leaf-miner parasitoid","Pest control","D"
"E",434,"Leaf-miner parasitoid","Pest control","D"
"E",444,"Leaf-miner parasitoid","Pest control","D"
"E",449,"Leaf-miner parasitoid","Pest control","D"
"E",450,"Leaf-miner parasitoid","Pest control","D"
"E",451,"Leaf-miner parasitoid","Pest control","D"
"E",452,"Leaf-miner parasitoid","Pest control","D"
"E",459,"Leaf-miner parasitoid","Pest control","D"
"E",460,"Leaf-miner parasitoid","Pest control","D"
"E",528,"Insect seed-feeder parasitoid","Pest control","D"
"E",532,"Insect seed-feeder parasitoid","Pest control","D"
"E",538,"Insect seed-feeder parasitoid","Pest control","D"
"E",540,"Insect seed-feeder parasitoid","Pest control","D"
"E",541,"Insect seed-feeder parasitoid","Pest control","D"
"E",394,"Leaf-miner parasitoid","Pest control","D"
"E",462,"Leaf-miner parasitoid","Pest control","D"
"E",382,"Leaf-miner parasitoid","Pest control","D"
"E",385,"Leaf-miner parasitoid","Pest control","D"
"E",386,"Leaf-miner parasitoid","Pest control","D"
"E",389,"Leaf-miner parasitoid","Pest control","D"
"E",391,"Leaf-miner parasitoid","Pest control","D"
"E",397,"Leaf-miner parasitoid","Pest control","D"
"E",402,"Leaf-miner parasitoid","Pest control","D"
"E",406,"Leaf-miner parasitoid","Pest control","D"
"E",407,"Leaf-miner parasitoid","Pest control","D"
"E",422,"Leaf-miner parasitoid","Pest control","D"
"E",432,"Leaf-miner parasitoid","Pest control","D"
"E",441,"Leaf-miner parasitoid","Pest control","D"
"E",442,"Leaf-miner parasitoid","Pest control","D"
"E",446,"Leaf-miner parasitoid","Pest control","D"
"E",457,"Leaf-miner parasitoid","Pest control","D"
"E",473,"Leaf-miner parasitoid","Pest control","D"
"E",535,"Insect seed-feeder parasitoid","Pest control","D"
"E",377,"Secondary aphid parasitoid","Pest control","D"
"E",398,"Leaf-miner parasitoid","Pest control","D"
"E",401,"Leaf-miner parasitoid","Pest control","D"
"E",403,"Leaf-miner parasitoid","Pest control","D"
"E",404,"Leaf-miner parasitoid","Pest control","D"
"E",409,"Leaf-miner parasitoid","Pest control","D"
"E",430,"Leaf-miner parasitoid","Pest control","D"
"E",454,"Leaf-miner parasitoid","Pest control","D"
"E",464,"Leaf-miner parasitoid","Pest control","D"
"E",369,"Primary aphid parasitoid","Pest control","D"
"E",371,"Primary aphid parasitoid","Pest control","D"
"E",440,"Leaf-miner parasitoid","Pest control","D"
"E",448,"Leaf-miner parasitoid","Pest control","D"
"E",534,"Insect seed-feeder parasitoid","Pest control","D"
"E",364,"Primary aphid parasitoid","Pest control","D"
"E",380,"Secondary aphid parasitoid","Pest control","D"
"E",390,"Leaf-miner parasitoid","Pest control","D"
"E",393,"Leaf-miner parasitoid","Pest control","D"
"E",411,"Leaf-miner parasitoid","Pest control","D"
"E",416,"Leaf-miner parasitoid","Pest control","D"
"E",429,"Leaf-miner parasitoid","Pest control","D"
"E",472,"Leaf-miner parasitoid","Pest control","D"
"E",525,"Insect seed-feeder parasitoid","Pest control","D"
"E",526,"Insect seed-feeder parasitoid","Pest control","D"
"E",527,"Insect seed-feeder parasitoid","Pest control","D"
"E",529,"Insect seed-feeder parasitoid","Pest control","D"
"E",530,"Insect seed-feeder parasitoid","Pest control","D"
"E",531,"Insect seed-feeder parasitoid","Pest control","D"
"E",533,"Insect seed-feeder parasitoid","Pest control","D"
"E",536,"Insect seed-feeder parasitoid","Pest control","D"
"E",537,"Insect seed-feeder parasitoid","Pest control","D"
"E",539,"Insect seed-feeder parasitoid","Pest control","D"
"E",400,"Leaf-miner parasitoid","Pest control","D"
"E",373,"Primary aphid parasitoid","Pest control","D"
"E",381,"Leaf-miner parasitoid","Pest control","D"
"E",383,"Leaf-miner parasitoid","Pest control","D"
"E",384,"Leaf-miner parasitoid","Pest control","D"
"E",396,"Leaf-miner parasitoid","Pest control","D"
"E",412,"Leaf-miner parasitoid","Pest control","D"
"E",414,"Leaf-miner parasitoid","Pest control","D"
"E",418,"Leaf-miner parasitoid","Pest control","D"
"E",425,"Leaf-miner parasitoid","Pest control","D"
"E",426,"Leaf-miner parasitoid","Pest control","D"
"E",447,"Leaf-miner parasitoid","Pest control","D"
"E",458,"Leaf-miner parasitoid","Pest control","D"
"E",466,"Leaf-miner parasitoid","Pest control","D"
"E",470,"Leaf-miner parasitoid","Pest control","D"
"E",471,"Leaf-miner parasitoid","Pest control","D"
"SE",363,"Primary aphid parasitoid","Pest control","D"
"SE",365,"Primary aphid parasitoid","Pest control","D"
"SE",366,"Primary aphid parasitoid","Pest control","D"
"SE",367,"Primary aphid parasitoid","Pest control","D"
"SE",368,"Primary aphid parasitoid","Pest control","D"
"SE",370,"Primary aphid parasitoid","Pest control","D"
"SE",372,"Primary aphid parasitoid","Pest control","D"
"SE",374,"Secondary aphid parasitoid","Pest control","D"
"SE",375,"Secondary aphid parasitoid","Pest control","D"
"SE",376,"Secondary aphid parasitoid","Pest control","D"
"SE",378,"Secondary aphid parasitoid","Pest control","D"
"SE",379,"Secondary aphid parasitoid","Pest control","D"
"SE",387,"Leaf-miner parasitoid","Pest control","D"
"SE",388,"Leaf-miner parasitoid","Pest control","D"
"SE",392,"Leaf-miner parasitoid","Pest control","D"
"SE",395,"Leaf-miner parasitoid","Pest control","D"
"SE",399,"Leaf-miner parasitoid","Pest control","D"
"SE",408,"Leaf-miner parasitoid","Pest control","D"
"SE",410,"Leaf-miner parasitoid","Pest control","D"
"SE",413,"Leaf-miner parasitoid","Pest control","D"
"SE",415,"Leaf-miner parasitoid","Pest control","D"
"SE",417,"Leaf-miner parasitoid","Pest control","D"
"SE",419,"Leaf-miner parasitoid","Pest control","D"
"SE",420,"Leaf-miner parasitoid","Pest control","D"
"SE",423,"Leaf-miner parasitoid","Pest control","D"
"SE",424,"Leaf-miner parasitoid","Pest control","D"
"SE",427,"Leaf-miner parasitoid","Pest control","D"
"SE",428,"Leaf-miner parasitoid","Pest control","D"
"SE",431,"Leaf-miner parasitoid","Pest control","D"
"SE",433,"Leaf-miner parasitoid","Pest control","D"
"SE",435,"Leaf-miner parasitoid","Pest control","D"
"SE",436,"Leaf-miner parasitoid","Pest control","D"
"SE",437,"Leaf-miner parasitoid","Pest control","D"
"SE",438,"Leaf-miner parasitoid","Pest control","D"
"SE",439,"Leaf-miner parasitoid","Pest control","D"
"SE",443,"Leaf-miner parasitoid","Pest control","D"
"SE",445,"Leaf-miner parasitoid","Pest control","D"
"SE",453,"Leaf-miner parasitoid","Pest control","D"
"SE",455,"Leaf-miner parasitoid","Pest control","D"
"SE",456,"Leaf-miner parasitoid","Pest control","D"
"SE",461,"Leaf-miner parasitoid","Pest control","D"
"SE",463,"Leaf-miner parasitoid","Pest control","D"
"SE",465,"Leaf-miner parasitoid","Pest control","D"
"SE",467,"Leaf-miner parasitoid","Pest control","D"
"SE",468,"Leaf-miner parasitoid","Pest control","D"
"SE",469,"Leaf-miner parasitoid","Pest control","D"
"SE",405,"Leaf-miner parasitoid","Pest control","D"
"SE",421,"Leaf-miner parasitoid","Pest control","D"
"SE",434,"Leaf-miner parasitoid","Pest control","D"
"SE",444,"Leaf-miner parasitoid","Pest control","D"
"SE",449,"Leaf-miner parasitoid","Pest control","D"
"SE",450,"Leaf-miner parasitoid","Pest control","D"
"SE",451,"Leaf-miner parasitoid","Pest control","D"
"SE",452,"Leaf-miner parasitoid","Pest control","D"
"SE",459,"Leaf-miner parasitoid","Pest control","D"
"SE",460,"Leaf-miner parasitoid","Pest control","D"
"SE",528,"Insect seed-feeder parasitoid","Pest control","D"
"SE",532,"Insect seed-feeder parasitoid","Pest control","D"
"SE",538,"Insect seed-feeder parasitoid","Pest control","D"
"SE",540,"Insect seed-feeder parasitoid","Pest control","D"
"SE",541,"Insect seed-feeder parasitoid","Pest control","D"
"SE",394,"Leaf-miner parasitoid","Pest control","D"
"SE",462,"Leaf-miner parasitoid","Pest control","D"
"SE",382,"Leaf-miner parasitoid","Pest control","D"
"SE",385,"Leaf-miner parasitoid","Pest control","D"
"SE",386,"Leaf-miner parasitoid","Pest control","D"
"SE",389,"Leaf-miner parasitoid","Pest control","D"
"SE",391,"Leaf-miner parasitoid","Pest control","D"
"SE",397,"Leaf-miner parasitoid","Pest control","D"
"SE",402,"Leaf-miner parasitoid","Pest control","D"
"SE",406,"Leaf-miner parasitoid","Pest control","D"
"SE",407,"Leaf-miner parasitoid","Pest control","D"
"SE",422,"Leaf-miner parasitoid","Pest control","D"
"SE",432,"Leaf-miner parasitoid","Pest control","D"
"SE",441,"Leaf-miner parasitoid","Pest control","D"
"SE",442,"Leaf-miner parasitoid","Pest control","D"
"SE",446,"Leaf-miner parasitoid","Pest control","D"
"SE",457,"Leaf-miner parasitoid","Pest control","D"
"SE",473,"Leaf-miner parasitoid","Pest control","D"
"SE",535,"Insect seed-feeder parasitoid","Pest control","D"
"SE",377,"Secondary aphid parasitoid","Pest control","D"
"SE",398,"Leaf-miner parasitoid","Pest control","D"
"SE",401,"Leaf-miner parasitoid","Pest control","D"
"SE",403,"Leaf-miner parasitoid","Pest control","D"
"SE",404,"Leaf-miner parasitoid","Pest control","D"
"SE",409,"Leaf-miner parasitoid","Pest control","D"
"SE",430,"Leaf-miner parasitoid","Pest control","D"
"SE",454,"Leaf-miner parasitoid","Pest control","D"
"SE",464,"Leaf-miner parasitoid","Pest control","D"
"SE",369,"Primary aphid parasitoid","Pest control","D"
"SE",371,"Primary aphid parasitoid","Pest control","D"
"SE",440,"Leaf-miner parasitoid","Pest control","D"
"SE",448,"Leaf-miner parasitoid","Pest control","D"
"SE",534,"Insect seed-feeder parasitoid","Pest control","D"
"SE",400,"Leaf-miner parasitoid","Pest control","D"
"M",363,"Primary aphid parasitoid","Pest control","D"
"M",365,"Primary aphid parasitoid","Pest control","D"
"M",366,"Primary aphid parasitoid","Pest control","D"
"M",367,"Primary aphid parasitoid","Pest control","D"
"M",368,"Primary aphid parasitoid","Pest control","D"
"M",370,"Primary aphid parasitoid","Pest control","D"
"M",372,"Primary aphid parasitoid","Pest control","D"
"M",374,"Secondary aphid parasitoid","Pest control","D"
"M",375,"Secondary aphid parasitoid","Pest control","D"
"M",376,"Secondary aphid parasitoid","Pest control","D"
"M",378,"Secondary aphid parasitoid","Pest control","D"
"M",379,"Secondary aphid parasitoid","Pest control","D"
"M",387,"Leaf-miner parasitoid","Pest control","D"
"M",388,"Leaf-miner parasitoid","Pest control","D"
"M",392,"Leaf-miner parasitoid","Pest control","D"
"M",395,"Leaf-miner parasitoid","Pest control","D"
"M",399,"Leaf-miner parasitoid","Pest control","D"
"M",408,"Leaf-miner parasitoid","Pest control","D"
"M",410,"Leaf-miner parasitoid","Pest control","D"
"M",413,"Leaf-miner parasitoid","Pest control","D"
"M",415,"Leaf-miner parasitoid","Pest control","D"
"M",417,"Leaf-miner parasitoid","Pest control","D"
"M",419,"Leaf-miner parasitoid","Pest control","D"
"M",420,"Leaf-miner parasitoid","Pest control","D"
"M",423,"Leaf-miner parasitoid","Pest control","D"
"M",424,"Leaf-miner parasitoid","Pest control","D"
"M",427,"Leaf-miner parasitoid","Pest control","D"
"M",428,"Leaf-miner parasitoid","Pest control","D"
"M",431,"Leaf-miner parasitoid","Pest control","D"
"M",433,"Leaf-miner parasitoid","Pest control","D"
"M",435,"Leaf-miner parasitoid","Pest control","D"
"M",436,"Leaf-miner parasitoid","Pest control","D"
"M",437,"Leaf-miner parasitoid","Pest control","D"
"M",438,"Leaf-miner parasitoid","Pest control","D"
"M",439,"Leaf-miner parasitoid","Pest control","D"
"M",443,"Leaf-miner parasitoid","Pest control","D"
"M",445,"Leaf-miner parasitoid","Pest control","D"
"M",453,"Leaf-miner parasitoid","Pest control","D"
"M",455,"Leaf-miner parasitoid","Pest control","D"
"M",456,"Leaf-miner parasitoid","Pest control","D"
"M",461,"Leaf-miner parasitoid","Pest control","D"
"M",463,"Leaf-miner parasitoid","Pest control","D"
"M",465,"Leaf-miner parasitoid","Pest control","D"
"M",467,"Leaf-miner parasitoid","Pest control","D"
"M",468,"Leaf-miner parasitoid","Pest control","D"
"M",469,"Leaf-miner parasitoid","Pest control","D"
"M",405,"Leaf-miner parasitoid","Pest control","D"
"M",421,"Leaf-miner parasitoid","Pest control","D"
"M",434,"Leaf-miner parasitoid","Pest control","D"
"M",444,"Leaf-miner parasitoid","Pest control","D"
"M",449,"Leaf-miner parasitoid","Pest control","D"
"M",450,"Leaf-miner parasitoid","Pest control","D"
"M",451,"Leaf-miner parasitoid","Pest control","D"
"M",452,"Leaf-miner parasitoid","Pest control","D"
"M",459,"Leaf-miner parasitoid","Pest control","D"
"M",460,"Leaf-miner parasitoid","Pest control","D"
"M",528,"Insect seed-feeder parasitoid","Pest control","D"
"M",532,"Insect seed-feeder parasitoid","Pest control","D"
"M",538,"Insect seed-feeder parasitoid","Pest control","D"
"M",540,"Insect seed-feeder parasitoid","Pest control","D"
"M",541,"Insect seed-feeder parasitoid","Pest control","D"
"M",394,"Leaf-miner parasitoid","Pest control","D"
"M",462,"Leaf-miner parasitoid","Pest control","D"
"M",369,"Primary aphid parasitoid","Pest control","D"
"M",371,"Primary aphid parasitoid","Pest control","D"
"M",389,"Leaf-miner parasitoid","Pest control","D"
"M",402,"Leaf-miner parasitoid","Pest control","D"
"M",409,"Leaf-miner parasitoid","Pest control","D"
"M",440,"Leaf-miner parasitoid","Pest control","D"
"M",448,"Leaf-miner parasitoid","Pest control","D"
"M",454,"Leaf-miner parasitoid","Pest control","D"
"M",534,"Insect seed-feeder parasitoid","Pest control","D"
"M",400,"Leaf-miner parasitoid","Pest control","D"
"SI",363,"Primary aphid parasitoid","Pest control","D"
"SI",365,"Primary aphid parasitoid","Pest control","D"
"SI",366,"Primary aphid parasitoid","Pest control","D"
"SI",367,"Primary aphid parasitoid","Pest control","D"
"SI",368,"Primary aphid parasitoid","Pest control","D"
"SI",370,"Primary aphid parasitoid","Pest control","D"
"SI",372,"Primary aphid parasitoid","Pest control","D"
"SI",374,"Secondary aphid parasitoid","Pest control","D"
"SI",375,"Secondary aphid parasitoid","Pest control","D"
"SI",376,"Secondary aphid parasitoid","Pest control","D"
"SI",378,"Secondary aphid parasitoid","Pest control","D"
"SI",379,"Secondary aphid parasitoid","Pest control","D"
"SI",387,"Leaf-miner parasitoid","Pest control","D"
"SI",388,"Leaf-miner parasitoid","Pest control","D"
"SI",392,"Leaf-miner parasitoid","Pest control","D"
"SI",395,"Leaf-miner parasitoid","Pest control","D"
"SI",399,"Leaf-miner parasitoid","Pest control","D"
"SI",408,"Leaf-miner parasitoid","Pest control","D"
"SI",410,"Leaf-miner parasitoid","Pest control","D"
"SI",413,"Leaf-miner parasitoid","Pest control","D"
"SI",415,"Leaf-miner parasitoid","Pest control","D"
"SI",417,"Leaf-miner parasitoid","Pest control","D"
"SI",419,"Leaf-miner parasitoid","Pest control","D"
"SI",420,"Leaf-miner parasitoid","Pest control","D"
"SI",423,"Leaf-miner parasitoid","Pest control","D"
"SI",424,"Leaf-miner parasitoid","Pest control","D"
"SI",427,"Leaf-miner parasitoid","Pest control","D"
"SI",428,"Leaf-miner parasitoid","Pest control","D"
"SI",431,"Leaf-miner parasitoid","Pest control","D"
"SI",433,"Leaf-miner parasitoid","Pest control","D"
"SI",435,"Leaf-miner parasitoid","Pest control","D"
"SI",436,"Leaf-miner parasitoid","Pest control","D"
"SI",437,"Leaf-miner parasitoid","Pest control","D"
"SI",438,"Leaf-miner parasitoid","Pest control","D"
"SI",439,"Leaf-miner parasitoid","Pest control","D"
"SI",443,"Leaf-miner parasitoid","Pest control","D"
"SI",445,"Leaf-miner parasitoid","Pest control","D"
"SI",453,"Leaf-miner parasitoid","Pest control","D"
"SI",455,"Leaf-miner parasitoid","Pest control","D"
"SI",456,"Leaf-miner parasitoid","Pest control","D"
"SI",461,"Leaf-miner parasitoid","Pest control","D"
"SI",463,"Leaf-miner parasitoid","Pest control","D"
"SI",465,"Leaf-miner parasitoid","Pest control","D"
"SI",467,"Leaf-miner parasitoid","Pest control","D"
"SI",468,"Leaf-miner parasitoid","Pest control","D"
"SI",469,"Leaf-miner parasitoid","Pest control","D"
"SI",394,"Leaf-miner parasitoid","Pest control","D"
"SI",462,"Leaf-miner parasitoid","Pest control","D"
"SI",532,"Insect seed-feeder parasitoid","Pest control","D"
"SI",538,"Insect seed-feeder parasitoid","Pest control","D"
"SI",369,"Primary aphid parasitoid","Pest control","D"
"SI",371,"Primary aphid parasitoid","Pest control","D"
"SI",389,"Leaf-miner parasitoid","Pest control","D"
"SI",402,"Leaf-miner parasitoid","Pest control","D"
"SI",409,"Leaf-miner parasitoid","Pest control","D"
"SI",440,"Leaf-miner parasitoid","Pest control","D"
"SI",448,"Leaf-miner parasitoid","Pest control","D"
"SI",454,"Leaf-miner parasitoid","Pest control","D"
"SI",460,"Leaf-miner parasitoid","Pest control","D"
"SI",534,"Insect seed-feeder parasitoid","Pest control","D"
"SI",540,"Insect seed-feeder parasitoid","Pest control","D"
"SI",541,"Insect seed-feeder parasitoid","Pest control","D"
"SI",400,"Leaf-miner parasitoid","Pest control","D"
"I",363,"Primary aphid parasitoid","Pest control","D"
"I",365,"Primary aphid parasitoid","Pest control","D"
"I",366,"Primary aphid parasitoid","Pest control","D"
"I",367,"Primary aphid parasitoid","Pest control","D"
"I",368,"Primary aphid parasitoid","Pest control","D"
"I",370,"Primary aphid parasitoid","Pest control","D"
"I",372,"Primary aphid parasitoid","Pest control","D"
"I",374,"Secondary aphid parasitoid","Pest control","D"
"I",375,"Secondary aphid parasitoid","Pest control","D"
"I",376,"Secondary aphid parasitoid","Pest control","D"
"I",378,"Secondary aphid parasitoid","Pest control","D"
"I",379,"Secondary aphid parasitoid","Pest control","D"
"I",387,"Leaf-miner parasitoid","Pest control","D"
"I",388,"Leaf-miner parasitoid","Pest control","D"
"I",392,"Leaf-miner parasitoid","Pest control","D"
"I",395,"Leaf-miner parasitoid","Pest control","D"
"I",399,"Leaf-miner parasitoid","Pest control","D"
"I",408,"Leaf-miner parasitoid","Pest control","D"
"I",410,"Leaf-miner parasitoid","Pest control","D"
"I",413,"Leaf-miner parasitoid","Pest control","D"
"I",415,"Leaf-miner parasitoid","Pest control","D"
"I",417,"Leaf-miner parasitoid","Pest control","D"
"I",419,"Leaf-miner parasitoid","Pest control","D"
"I",420,"Leaf-miner parasitoid","Pest control","D"
"I",423,"Leaf-miner parasitoid","Pest control","D"
"I",424,"Leaf-miner parasitoid","Pest control","D"
"I",427,"Leaf-miner parasitoid","Pest control","D"
"I",428,"Leaf-miner parasitoid","Pest control","D"
"I",431,"Leaf-miner parasitoid","Pest control","D"
"I",433,"Leaf-miner parasitoid","Pest control","D"
"I",435,"Leaf-miner parasitoid","Pest control","D"
"I",436,"Leaf-miner parasitoid","Pest control","D"
"I",437,"Leaf-miner parasitoid","Pest control","D"
"I",438,"Leaf-miner parasitoid","Pest control","D"
"I",439,"Leaf-miner parasitoid","Pest control","D"
"I",443,"Leaf-miner parasitoid","Pest control","D"
"I",445,"Leaf-miner parasitoid","Pest control","D"
"I",453,"Leaf-miner parasitoid","Pest control","D"
"I",455,"Leaf-miner parasitoid","Pest control","D"
"I",456,"Leaf-miner parasitoid","Pest control","D"
"I",461,"Leaf-miner parasitoid","Pest control","D"
"I",463,"Leaf-miner parasitoid","Pest control","D"
"I",465,"Leaf-miner parasitoid","Pest control","D"
"I",467,"Leaf-miner parasitoid","Pest control","D"
"I",468,"Leaf-miner parasitoid","Pest control","D"
"I",469,"Leaf-miner parasitoid","Pest control","D"
"I",394,"Leaf-miner parasitoid","Pest control","D"
"I",462,"Leaf-miner parasitoid","Pest control","D"
"I",532,"Insect seed-feeder parasitoid","Pest control","D"
"I",538,"Insect seed-feeder parasitoid","Pest control","D"
"I",369,"Primary aphid parasitoid","Pest control","D"
"I",371,"Primary aphid parasitoid","Pest control","D"
"I",389,"Leaf-miner parasitoid","Pest control","D"
"I",402,"Leaf-miner parasitoid","Pest control","D"
"I",409,"Leaf-miner parasitoid","Pest control","D"
"I",440,"Leaf-miner parasitoid","Pest control","D"
"I",448,"Leaf-miner parasitoid","Pest control","D"
"I",454,"Leaf-miner parasitoid","Pest control","D"
"I",460,"Leaf-miner parasitoid","Pest control","D"
"I",534,"Insect seed-feeder parasitoid","Pest control","D"
"I",540,"Insect seed-feeder parasitoid","Pest control","D"
"I",541,"Insect seed-feeder parasitoid","Pest control","D"
"E",493,"Seed-feeding bird","Seed dispersal","D"
"E",494,"Seed-feeding bird","Seed dispersal","D"
"E",495,"Seed-feeding bird","Seed dispersal","D"
"E",496,"Seed-feeding bird","Seed dispersal","D"
"E",497,"Seed-feeding bird","Seed dispersal","D"
"E",498,"Seed-feeding bird","Seed dispersal","D"
"E",499,"Seed-feeding bird","Seed dispersal","D"
"E",500,"Seed-feeding bird","Seed dispersal","D"
"E",501,"Seed-feeding bird","Seed dispersal","D"
"E",502,"Seed-feeding bird","Seed dispersal","D"
"E",503,"Seed-feeding bird","Seed dispersal","D"
"E",504,"Seed-feeding bird","Seed dispersal","D"
"SE",493,"Seed-feeding bird","Seed dispersal","D"
"SE",494,"Seed-feeding bird","Seed dispersal","D"
"SE",495,"Seed-feeding bird","Seed dispersal","D"
"SE",496,"Seed-feeding bird","Seed dispersal","D"
"SE",497,"Seed-feeding bird","Seed dispersal","D"
"SE",498,"Seed-feeding bird","Seed dispersal","D"
"SE",499,"Seed-feeding bird","Seed dispersal","D"
"SE",500,"Seed-feeding bird","Seed dispersal","D"
"SE",501,"Seed-feeding bird","Seed dispersal","D"
"SE",502,"Seed-feeding bird","Seed dispersal","D"
"SE",503,"Seed-feeding bird","Seed dispersal","D"
"M",493,"Seed-feeding bird","Seed dispersal","D"
"M",494,"Seed-feeding bird","Seed dispersal","D"
"M",495,"Seed-feeding bird","Seed dispersal","D"
"M",496,"Seed-feeding bird","Seed dispersal","D"
"M",497,"Seed-feeding bird","Seed dispersal","D"
"M",498,"Seed-feeding bird","Seed dispersal","D"
"M",499,"Seed-feeding bird","Seed dispersal","D"
"M",500,"Seed-feeding bird","Seed dispersal","D"
"M",501,"Seed-feeding bird","Seed dispersal","D"
"M",502,"Seed-feeding bird","Seed dispersal","D"
"M",503,"Seed-feeding bird","Seed dispersal","D"
"SI",493,"Seed-feeding bird","Seed dispersal","D"
"SI",494,"Seed-feeding bird","Seed dispersal","D"
"SI",495,"Seed-feeding bird","Seed dispersal","D"
"SI",496,"Seed-feeding bird","Seed dispersal","D"
"SI",497,"Seed-feeding bird","Seed dispersal","D"
"SI",498,"Seed-feeding bird","Seed dispersal","D"
"SI",499,"Seed-feeding bird","Seed dispersal","D"
"SI",500,"Seed-feeding bird","Seed dispersal","D"
"SI",501,"Seed-feeding bird","Seed dispersal","D"
"SI",502,"Seed-feeding bird","Seed dispersal","D"
"SI",503,"Seed-feeding bird","Seed dispersal","D"
"I",493,"Seed-feeding bird","Seed dispersal","D"
"I",494,"Seed-feeding bird","Seed dispersal","D"
"I",495,"Seed-feeding bird","Seed dispersal","D"
"I",496,"Seed-feeding bird","Seed dispersal","D"
"I",497,"Seed-feeding bird","Seed dispersal","D"
"I",498,"Seed-feeding bird","Seed dispersal","D"
"I",499,"Seed-feeding bird","Seed dispersal","D"
"I",500,"Seed-feeding bird","Seed dispersal","D"
"I",501,"Seed-feeding bird","Seed dispersal","D"
"I",502,"Seed-feeding bird","Seed dispersal","D"
"I",503,"Seed-feeding bird","Seed dispersal","D"
"E",511,"Butterfly","Butterfly watching","D"
"E",512,"Butterfly","Butterfly watching","D"
"E",514,"Butterfly","Butterfly watching","D"
"E",515,"Butterfly","Butterfly watching","D"
"E",517,"Butterfly","Butterfly watching","D"
"E",520,"Butterfly","Butterfly watching","D"
"E",521,"Butterfly","Butterfly watching","D"
"E",523,"Butterfly","Butterfly watching","D"
"E",510,"Butterfly","Butterfly watching","D"
"E",513,"Butterfly","Butterfly watching","D"
"E",518,"Butterfly","Butterfly watching","D"
"E",519,"Butterfly","Butterfly watching","D"
"E",522,"Butterfly","Butterfly watching","D"
"E",524,"Butterfly","Butterfly watching","D"
"E",509,"Butterfly","Butterfly watching","D"
"E",516,"Butterfly","Butterfly watching","D"
"SE",511,"Butterfly","Butterfly watching","D"
"SE",512,"Butterfly","Butterfly watching","D"
"SE",514,"Butterfly","Butterfly watching","D"
"SE",515,"Butterfly","Butterfly watching","D"
"SE",517,"Butterfly","Butterfly watching","D"
"SE",520,"Butterfly","Butterfly watching","D"
"SE",521,"Butterfly","Butterfly watching","D"
"SE",523,"Butterfly","Butterfly watching","D"
"SE",510,"Butterfly","Butterfly watching","D"
"SE",513,"Butterfly","Butterfly watching","D"
"SE",518,"Butterfly","Butterfly watching","D"
"SE",519,"Butterfly","Butterfly watching","D"
"SE",522,"Butterfly","Butterfly watching","D"
"SE",524,"Butterfly","Butterfly watching","D"
"SE",509,"Butterfly","Butterfly watching","D"
"SE",516,"Butterfly","Butterfly watching","D"
"M",511,"Butterfly","Butterfly watching","D"
"M",512,"Butterfly","Butterfly watching","D"
"M",514,"Butterfly","Butterfly watching","D"
"M",515,"Butterfly","Butterfly watching","D"
"M",517,"Butterfly","Butterfly watching","D"
"M",520,"Butterfly","Butterfly watching","D"
"M",521,"Butterfly","Butterfly watching","D"
"M",523,"Butterfly","Butterfly watching","D"
"M",510,"Butterfly","Butterfly watching","D"
"M",513,"Butterfly","Butterfly watching","D"
"M",518,"Butterfly","Butterfly watching","D"
"M",519,"Butterfly","Butterfly watching","D"
"M",522,"Butterfly","Butterfly watching","D"
"M",524,"Butterfly","Butterfly watching","D"
"M",516,"Butterfly","Butterfly watching","D"
"SI",511,"Butterfly","Butterfly watching","D"
"SI",512,"Butterfly","Butterfly watching","D"
"SI",514,"Butterfly","Butterfly watching","D"
"SI",515,"Butterfly","Butterfly watching","D"
"SI",517,"Butterfly","Butterfly watching","D"
"SI",520,"Butterfly","Butterfly watching","D"
"SI",521,"Butterfly","Butterfly watching","D"
"SI",523,"Butterfly","Butterfly watching","D"
"SI",513,"Butterfly","Butterfly watching","D"
"SI",522,"Butterfly","Butterfly watching","D"
"SI",510,"Butterfly","Butterfly watching","D"
"SI",516,"Butterfly","Butterfly watching","D"
"I",511,"Butterfly","Butterfly watching","D"
"I",512,"Butterfly","Butterfly watching","D"
"I",514,"Butterfly","Butterfly watching","D"
"I",515,"Butterfly","Butterfly watching","D"
"I",517,"Butterfly","Butterfly watching","D"
"I",520,"Butterfly","Butterfly watching","D"
"I",521,"Butterfly","Butterfly watching","D"
"I",523,"Butterfly","Butterfly watching","D"
"I",513,"Butterfly","Butterfly watching","D"
"I",522,"Butterfly","Butterfly watching","D"
"I",510,"Butterfly","Butterfly watching","D"
"I",516,"Butterfly","Butterfly watching","D"
"E",493,"Seed-feeding bird","Bird watching","D"
"E",494,"Seed-feeding bird","Bird watching","D"
"E",495,"Seed-feeding bird","Bird watching","D"
"E",496,"Seed-feeding bird","Bird watching","D"
"E",497,"Seed-feeding bird","Bird watching","D"
"E",498,"Seed-feeding bird","Bird watching","D"
"E",499,"Seed-feeding bird","Bird watching","D"
"E",500,"Seed-feeding bird","Bird watching","D"
"E",501,"Seed-feeding bird","Bird watching","D"
"E",502,"Seed-feeding bird","Bird watching","D"
"E",503,"Seed-feeding bird","Bird watching","D"
"E",504,"Seed-feeding bird","Bird watching","D"
"SE",493,"Seed-feeding bird","Bird watching","D"
"SE",494,"Seed-feeding bird","Bird watching","D"
"SE",495,"Seed-feeding bird","Bird watching","D"
"SE",496,"Seed-feeding bird","Bird watching","D"
"SE",497,"Seed-feeding bird","Bird watching","D"
"SE",498,"Seed-feeding bird","Bird watching","D"
"SE",499,"Seed-feeding bird","Bird watching","D"
"SE",500,"Seed-feeding bird","Bird watching","D"
"SE",501,"Seed-feeding bird","Bird watching","D"
"SE",502,"Seed-feeding bird","Bird watching","D"
"SE",503,"Seed-feeding bird","Bird watching","D"
"M",493,"Seed-feeding bird","Bird watching","D"
"M",494,"Seed-feeding bird","Bird watching","D"
"M",495,"Seed-feeding bird","Bird watching","D"
"M",496,"Seed-feeding bird","Bird watching","D"
"M",497,"Seed-feeding bird","Bird watching","D"
"M",498,"Seed-feeding bird","Bird watching","D"
"M",499,"Seed-feeding bird","Bird watching","D"
"M",500,"Seed-feeding bird","Bird watching","D"
"M",501,"Seed-feeding bird","Bird watching","D"
"M",502,"Seed-feeding bird","Bird watching","D"
"M",503,"Seed-feeding bird","Bird watching","D"
"SI",493,"Seed-feeding bird","Bird watching","D"
"SI",494,"Seed-feeding bird","Bird watching","D"
"SI",495,"Seed-feeding bird","Bird watching","D"
"SI",496,"Seed-feeding bird","Bird watching","D"
"SI",497,"Seed-feeding bird","Bird watching","D"
"SI",498,"Seed-feeding bird","Bird watching","D"
"SI",499,"Seed-feeding bird","Bird watching","D"
"SI",500,"Seed-feeding bird","Bird watching","D"
"SI",501,"Seed-feeding bird","Bird watching","D"
"SI",502,"Seed-feeding bird","Bird watching","D"
"SI",503,"Seed-feeding bird","Bird watching","D"
"I",493,"Seed-feeding bird","Bird watching","D"
"I",494,"Seed-feeding bird","Bird watching","D"
"I",495,"Seed-feeding bird","Bird watching","D"
"I",496,"Seed-feeding bird","Bird watching","D"
"I",497,"Seed-feeding bird","Bird watching","D"
"I",498,"Seed-feeding bird","Bird watching","D"
"I",499,"Seed-feeding bird","Bird watching","D"
"I",500,"Seed-feeding bird","Bird watching","D"
"I",501,"Seed-feeding bird","Bird watching","D"
"I",502,"Seed-feeding bird","Bird watching","D"
"I",503,"Seed-feeding bird","Bird watching","D"
