"","taxon","link_direction","taxa_type","MH","WU","all","GM","PP","RG","NH","W","C","LP","RGyard","LU","NL","CSF","ST"
"1","01PLANT.Ash","lower","01PLANT",0.5,0.5,0,0,0,0,0,0,0,0,0,0,0,0,0
"2","01PLANT.Autumn Hawkbit","lower","01PLANT",0,0,0.172413793103448,0.0689655172413793,0.758620689655172,0,0,0,0,0,0,0,0,0,0
"3","01PLANT.Bindweed sp","lower","01PLANT",0.117647058823529,0,0,0.352941176470588,0,0.529411764705882,0,0,0,0,0,0,0,0,0
"4","01PLANT.Black Bindweed","lower","01PLANT",0,0,0.785714285714286,0,0,0,0.214285714285714,0,0,0,0,0,0,0,0
"5","01PLANT.Blackthorn","lower","01PLANT",0.476190476190476,0.261904761904762,0.142857142857143,0,0,0,0.0952380952380952,0.0238095238095238,0,0,0,0,0,0,0
"6","01PLANT.Bluebell","lower","01PLANT",0.142857142857143,0.571428571428571,0,0,0,0,0,0.285714285714286,0,0,0,0,0,0,0
"7","01PLANT.Bramble","lower","01PLANT",0.513157894736842,0.0789473684210526,0.0592105263157895,0,0,0.171052631578947,0.0394736842105263,0.138157894736842,0,0,0,0,0,0,0
"8","01PLANT.Bristly Oxtongue","lower","01PLANT",0,0,1,0,0,0,0,0,0,0,0,0,0,0,0
"9","01PLANT.Bugle","lower","01PLANT",0,0,0,0,0,0,0,1,0,0,0,0,0,0,0
"10","01PLANT.Bush Vetch","lower","01PLANT",0,0,0.583333333333333,0,0,0.166666666666667,0.25,0,0,0,0,0,0,0,0
"11","01PLANT.Charlock","lower","01PLANT",0,0,0.11864406779661,0.0677966101694915,0.0338983050847458,0.0508474576271186,0,0,0.711864406779661,0.0169491525423729,0,0,0,0,0
"12","01PLANT.Chenopodium sp","lower","01PLANT",0.189189189189189,0,0.297297297297297,0,0,0,0.162162162162162,0,0,0,0.351351351351351,0,0,0,0
"13","01PLANT.Cleavers","lower","01PLANT",0.25,0.166666666666667,0.333333333333333,0,0,0.0833333333333333,0,0.166666666666667,0,0,0,0,0,0,0
"14","01PLANT.Clover sp","lower","01PLANT",0.0110497237569061,0,0.0441988950276243,0.154696132596685,0.176795580110497,0.171270718232044,0.0110497237569061,0,0.0331491712707182,0.209944751381215,0.0165745856353591,0.0331491712707182,0.138121546961326,0,0
"15","01PLANT.Common Bird's-foot-trefoil","lower","01PLANT",0.25,0,0,0,0.25,0.5,0,0,0,0,0,0,0,0,0
"16","01PLANT.Common Chickweed","lower","01PLANT",0,0,1,0,0,0,0,0,0,0,0,0,0,0,0
"17","01PLANT.Common Field Speedwell","lower","01PLANT",0,0,0.222222222222222,0,0,0,0,0,0.555555555555556,0,0,0,0,0.222222222222222,0
"18","01PLANT.Common Fleabane","lower","01PLANT",0,0,0,0,1,0,0,0,0,0,0,0,0,0,0
"19","01PLANT.Common Mouse-ear","lower","01PLANT",0.0833333333333333,0,0.333333333333333,0,0.0833333333333333,0,0.333333333333333,0,0.0833333333333333,0.0833333333333333,0,0,0,0,0
"20","01PLANT.Common Poppy","lower","01PLANT",0,0,0.25,0,0,0.25,0,0,0.5,0,0,0,0,0,0
"21","01PLANT.Common Vetch","lower","01PLANT",0,0,0,0,0,1,0,0,0,0,0,0,0,0,0
"22","01PLANT.Corn Mint","lower","01PLANT",0.222222222222222,0,0,0,0,0.777777777777778,0,0,0,0,0,0,0,0,0
"23","01PLANT.Corn Sowthistle","lower","01PLANT",0,0,0.692307692307692,0,0,0,0,0,0,0,0.307692307692308,0,0,0,0
"24","01PLANT.Corn Spurrey","lower","01PLANT",0,0,0.666666666666667,0,0,0,0,0,0.333333333333333,0,0,0,0,0,0
"25","01PLANT.Cow Parsley","lower","01PLANT",0.747368421052632,0,0.0842105263157895,0.147368421052632,0,0.0210526315789474,0,0,0,0,0,0,0,0,0
"26","01PLANT.Creeping Buttercup","lower","01PLANT",0.046875,0,0.0234375,0.1875,0.166666666666667,0.151041666666667,0.111979166666667,0,0.127604166666667,0.122395833333333,0,0.0130208333333333,0.046875,0.00260416666666667,0
"27","01PLANT.Creeping Cinquefoil","lower","01PLANT",0,0,0.6,0,0,0.4,0,0,0,0,0,0,0,0,0
"28","01PLANT.Creeping Thistle","lower","01PLANT",0.204819277108434,0.00803212851405622,0.0281124497991968,0.0803212851405622,0.0642570281124498,0.261044176706827,0.120481927710843,0,0.0763052208835341,0.0763052208835341,0.0200803212851406,0,0.0200803212851406,0.0401606425702811,0
"29","01PLANT.Cuckooflower","lower","01PLANT",0,0.5,0,0,0,0,0,0.5,0,0,0,0,0,0,0
"30","01PLANT.Cut-leaved Crane's-bill","lower","01PLANT",0.666666666666667,0,0.333333333333333,0,0,0,0,0,0,0,0,0,0,0,0
"31","01PLANT.Daisy","lower","01PLANT",0,0,0,0,1,0,0,0,0,0,0,0,0,0,0
"32","01PLANT.Dandelion","lower","01PLANT",0,0,0.45,0.25,0.05,0.1,0,0,0,0.05,0,0.1,0,0,0
"33","01PLANT.Dock sp","lower","01PLANT",0.171875,0.1875,0.171875,0.078125,0.015625,0.015625,0.125,0,0.03125,0,0.203125,0,0,0,0
"34","01PLANT.Dog's Mercury","lower","01PLANT",0.5,0,0.5,0,0,0,0,0,0,0,0,0,0,0,0
"35","01PLANT.Dogwood","lower","01PLANT",0,0,0,0,0,0,1,0,0,0,0,0,0,0,0
"36","01PLANT.Elder","lower","01PLANT",0.428571428571429,0.333333333333333,0.238095238095238,0,0,0,0,0,0,0,0,0,0,0,0
"37","01PLANT.Elm sp","lower","01PLANT",0.5,0,0,0,0,0,0,0.5,0,0,0,0,0,0,0
"38","01PLANT.Field Forget-me-not","lower","01PLANT",0,0,0.333333333333333,0,0,0,0.0833333333333333,0,0.5,0,0,0,0.0833333333333333,0,0
"39","01PLANT.Field Madder","lower","01PLANT",1,0,0,0,0,0,0,0,0,0,0,0,0,0,0
"40","01PLANT.Field Maple","lower","01PLANT",0.409090909090909,0.454545454545455,0.0454545454545455,0,0,0,0,0.0909090909090909,0,0,0,0,0,0,0
"41","01PLANT.Field Pansy","lower","01PLANT",0,0,1,0,0,0,0,0,0,0,0,0,0,0,0
"42","01PLANT.Garlic Mustard","lower","01PLANT",0,0,0,0,0,1,0,0,0,0,0,0,0,0,0
"43","01PLANT.Germander Speedwell","lower","01PLANT",0,0,0,0,0,0,0,1,0,0,0,0,0,0,0
"44","01PLANT.Grass sp","lower","01PLANT",0.117391304347826,0.0521739130434783,0.0478260869565217,0.11304347826087,0.0956521739130435,0.117391304347826,0.173913043478261,0.0956521739130435,0.0434782608695652,0.0434782608695652,0.0565217391304348,0.0130434782608696,0.0260869565217391,0.00434782608695652,0
"45","01PLANT.Ground Ivy","lower","01PLANT",0.470588235294118,0,0.470588235294118,0,0,0.0588235294117647,0,0,0,0,0,0,0,0,0
"46","01PLANT.Groundsel","lower","01PLANT",0,0,1,0,0,0,0,0,0,0,0,0,0,0,0
"47","01PLANT.Hairy Tare","lower","01PLANT",0,0,0.538461538461538,0,0,0,0,0,0.461538461538462,0,0,0,0,0,0
"48","01PLANT.Hawkish Complex sp","lower","01PLANT",0,0,0.75,0.25,0,0,0,0,0,0,0,0,0,0,0
"49","01PLANT.Hawthorn","lower","01PLANT",0.390625,0,0.09375,0.0625,0,0.015625,0.421875,0.015625,0,0,0,0,0,0,0
"50","01PLANT.Hazel","lower","01PLANT",0.45,0.45,0,0,0,0,0.05,0.05,0,0,0,0,0,0,0
"51","01PLANT.Hedge Woundwort","lower","01PLANT",0.529411764705882,0,0.176470588235294,0,0,0.117647058823529,0.117647058823529,0.0588235294117647,0,0,0,0,0,0,0
"52","01PLANT.Herb Bennet","lower","01PLANT",0,0.222222222222222,0.777777777777778,0,0,0,0,0,0,0,0,0,0,0,0
"53","01PLANT.Herb Robert","lower","01PLANT",0.692307692307692,0,0.153846153846154,0,0,0,0,0.153846153846154,0,0,0,0,0,0,0
"54","01PLANT.Hogweed","lower","01PLANT",0.294573643410853,0,0.062015503875969,0.0310077519379845,0,0.527131782945736,0.0852713178294574,0,0,0,0,0,0,0,0
"55","01PLANT.Honeysuckle","lower","01PLANT",1,0,0,0,0,0,0,0,0,0,0,0,0,0,0
"56","01PLANT.Ivy-leaved Speedwell","lower","01PLANT",0,0,1,0,0,0,0,0,0,0,0,0,0,0,0
"57","01PLANT.Knotgrass sp","lower","01PLANT",0.161290322580645,0.161290322580645,0.354838709677419,0,0,0,0.0967741935483871,0,0,0,0.225806451612903,0,0,0,0
"58","01PLANT.Lesser Burdock","lower","01PLANT",0,0,0.714285714285714,0,0,0,0,0.285714285714286,0,0,0,0,0,0,0
"59","01PLANT.Lesser Stitchwort","lower","01PLANT",0.5,0,0.357142857142857,0,0,0,0.142857142857143,0,0,0,0,0,0,0,0
"60","01PLANT.Lesser Trefoil","lower","01PLANT",0,0,0.833333333333333,0,0.166666666666667,0,0,0,0,0,0,0,0,0,0
"61","01PLANT.Mayweed sp","lower","01PLANT",0,0,0.0384615384615385,0,0.0448717948717949,0.307692307692308,0.00641025641025641,0,0.41025641025641,0.00641025641025641,0.0256410256410256,0,0.16025641025641,0,0
"62","01PLANT.Meadow Buttercup","lower","01PLANT",0,0,0.777777777777778,0,0,0,0,0,0.222222222222222,0,0,0,0,0,0
"63","01PLANT.Nipplewort","lower","01PLANT",0.222222222222222,0.111111111111111,0.666666666666667,0,0,0,0,0,0,0,0,0,0,0,0
"64","01PLANT.Oak","lower","01PLANT",0.137254901960784,0.235294117647059,0.196078431372549,0,0,0,0,0.137254901960784,0.0980392156862745,0,0,0,0,0,0.196078431372549
"65","01PLANT.Oil Seed Rape","lower","01PLANT",0,0,0,0,0,1,0,0,0,0,0,0,0,0,0
"66","01PLANT.Parsley Piert","lower","01PLANT",0,0,0,0,0,0,0,0,1,0,0,0,0,0,0
"67","01PLANT.Persicaria sp","lower","01PLANT",0.166666666666667,0,0.366666666666667,0.133333333333333,0,0,0.1,0,0,0,0.233333333333333,0,0,0,0
"68","01PLANT.Pineappleweed","lower","01PLANT",0,0,0,0,0,0.6,0,0,0,0,0.4,0,0,0,0
"69","01PLANT.Plantain sp","lower","01PLANT",0,0,0,0,0,0,0,0,0,1,0,0,0,0,0
"70","01PLANT.Ragwort","lower","01PLANT",0,0,0,0,0,0,1,0,0,0,0,0,0,0,0
"71","01PLANT.Ramsons","lower","01PLANT",0,0,1,0,0,0,0,0,0,0,0,0,0,0,0
"72","01PLANT.Red Campion","lower","01PLANT",0.772727272727273,0.0454545454545455,0.181818181818182,0,0,0,0,0,0,0,0,0,0,0,0
"73","01PLANT.Red Dead-nettle","lower","01PLANT",0.269230769230769,0,0.307692307692308,0,0,0,0,0,0,0,0.423076923076923,0,0,0,0
"74","01PLANT.Rose sp","lower","01PLANT",0.782608695652174,0,0.217391304347826,0,0,0,0,0,0,0,0,0,0,0,0
"75","01PLANT.Rough Chervil","lower","01PLANT",0.181818181818182,0,0.727272727272727,0,0,0,0,0.0909090909090909,0,0,0,0,0,0,0
"76","01PLANT.Selfheal","lower","01PLANT",0,0,0.833333333333333,0,0.166666666666667,0,0,0,0,0,0,0,0,0,0
"77","01PLANT.Shepherd's Purse","lower","01PLANT",0,0,0.285714285714286,0,0,0,0,0,0.428571428571429,0,0.285714285714286,0,0,0,0
"78","01PLANT.Sow-thistle sp","lower","01PLANT",0,0.0238095238095238,0.166666666666667,0,0,0.0238095238095238,0.119047619047619,0,0.380952380952381,0.0238095238095238,0.0952380952380952,0,0.119047619047619,0.0476190476190476,0
"79","01PLANT.Spear Thistle","lower","01PLANT",0.184210526315789,0,0.105263157894737,0.0263157894736842,0,0.289473684210526,0.197368421052632,0,0.0657894736842105,0.0526315789473684,0,0,0.0789473684210526,0,0
"80","01PLANT.Spindle","lower","01PLANT",0,0,0,0,0,0,1,0,0,0,0,0,0,0,0
"81","01PLANT.Stinging Nettle","lower","01PLANT",0.230769230769231,0.153846153846154,0.115384615384615,0.0769230769230769,0,0.0384615384615385,0.115384615384615,0.115384615384615,0,0,0.153846153846154,0,0,0,0
"82","01PLANT.Sun Spurge","lower","01PLANT",0,0,1,0,0,0,0,0,0,0,0,0,0,0,0
"83","01PLANT.Sycamore","lower","01PLANT",0.4375,0.5625,0,0,0,0,0,0,0,0,0,0,0,0,0
"84","01PLANT.Teasel","lower","01PLANT",0,0,0,0,0,1,0,0,0,0,0,0,0,0,0
"85","01PLANT.Traveller's Joy","lower","01PLANT",0,0.111111111111111,0.888888888888889,0,0,0,0,0,0,0,0,0,0,0,0
"86","01PLANT.Upright Hedge-parsley","lower","01PLANT",0.395833333333333,0,0,0,0,0.604166666666667,0,0,0,0,0,0,0,0,0
"87","01PLANT.Wall Speedwell","lower","01PLANT",0,0,0.6,0,0,0,0,0,0.2,0,0,0,0.2,0,0
"88","01PLANT.Water Figwort","lower","01PLANT",0,0,0,0,0,1,0,0,0,0,0,0,0,0,0
"89","01PLANT.Wavy Bittercress","lower","01PLANT",0,0,1,0,0,0,0,0,0,0,0,0,0,0,0
"90","01PLANT.Wayfaring-tree","lower","01PLANT",0,0,0,0,0,0,1,0,0,0,0,0,0,0,0
"91","01PLANT.White Dead-nettle","lower","01PLANT",0,0,0,0,0,1,0,0,0,0,0,0,0,0,0
"92","01PLANT.Wild Privet","lower","01PLANT",0,0,0,0,0,0,0.285714285714286,0.714285714285714,0,0,0,0,0,0,0
"93","01PLANT.Willowherb sp","lower","01PLANT",0,0,0.818181818181818,0,0,0.0909090909090909,0,0,0.0909090909090909,0,0,0,0,0,0
"94","01PLANT.Woodruff","lower","01PLANT",0,0,0,0,0,0,0,1,0,0,0,0,0,0,0
"95","01PLANT.Yellow Archangel","lower","01PLANT",0,0,0,0,0,0,0,1,0,0,0,0,0,0,0
"96","01PLANT.zCROP Barley","lower","01PLANT",0,0,0,0,0,0,0,0,1,0,0,0,0,0,0
"97","01PLANT.zCROP Lucerne","lower","01PLANT",0,0,0,0.166666666666667,0,0,0,0,0,0,0,0.833333333333333,0,0,0
"98","01PLANT.zCROP Oat spring","lower","01PLANT",0,0,0,0,0,0,0,0,1,0,0,0,0,0,0
"99","01PLANT.zCROP Oat winter","lower","01PLANT",0,0,0,0,0,0,0,0,1,0,0,0,0,0,0
"100","01PLANT.zCROP Triticale","lower","01PLANT",0,0,0,0,0,0,0,0,1,0,0,0,0,0,0
"101","01PLANT.zCROP Wheat","lower","01PLANT",0.0434782608695652,0,0.478260869565217,0,0,0,0,0,0.478260869565217,0,0,0,0,0,0
"102","02FV.Agriotes pallidulus","higher","02FV",1,0,0,0,0,0,0,0,0,0,0,0,0,0,0
"103","02FV.Alysiinae sp","higher","02FV",0,0,0,0.25,0,0.25,0,0,0,0.5,0,0,0,0,0
"104","02FV.Anapausis soluta","higher","02FV",0,0,0,0,0,1,0,0,0,0,0,0,0,0,0
"105","02FV.Anaspis maculata","higher","02FV",0.6,0,0,0,0,0.2,0,0.2,0,0,0,0,0,0,0
"106","02FV.Anaspis pulicaria","higher","02FV",0.5,0,0,0,0,0.5,0,0,0,0,0,0,0,0,0
"107","02FV.Andrena dorsata","higher","02FV",0,0,0,0,0,0,0.5,0,0.5,0,0,0,0,0,0
"108","02FV.Andrena minutula","higher","02FV",0,0,0,0,0,1,0,0,0,0,0,0,0,0,0
"109","02FV.Anthocomus fasciatus","higher","02FV",1,0,0,0,0,0,0,0,0,0,0,0,0,0,0
"110","02FV.Anthomyia liturata","higher","02FV",0,0,0,0,0,1,0,0,0,0,0,0,0,0,0
"111","02FV.Anthomyia pluvialis","higher","02FV",0,0,0,0,0,0,0,0,0,0,0,0,1,0,0
"112","02FV.Anthomyza gracilis","higher","02FV",0,0,0,0,0,1,0,0,0,0,0,0,0,0,0
"113","02FV.Anthophila fabriciana","higher","02FV",0.5,0,0,0,0,0.5,0,0,0,0,0,0,0,0,0
"114","02FV.Apis mellifera","higher","02FV",0.0909090909090909,0,0,0.0909090909090909,0,0.272727272727273,0.181818181818182,0,0,0.0909090909090909,0,0.0909090909090909,0.0909090909090909,0.0909090909090909,0
"115","02FV.Aprostocetus sp","higher","02FV",0,0,0,0,0,0,0,0,0,1,0,0,0,0,0
"116","02FV.Asecodes coronis","higher","02FV",0,0,0,0,1,0,0,0,0,0,0,0,0,0,0
"117","02FV.Authonomus rubi","higher","02FV",0,0,0,0,0,1,0,0,0,0,0,0,0,0,0
"118","02FV.Azelia cilipes","higher","02FV",0,0,0,0,0,1,0,0,0,0,0,0,0,0,0
"119","02FV.Azelia zetterstedtii","higher","02FV",1,0,0,0,0,0,0,0,0,0,0,0,0,0,0
"120","02FV.Baccha elongate","higher","02FV",0,0,0,0,0,0,0,1,0,0,0,0,0,0,0
"121","02FV.Bellardia pandia","higher","02FV",0,0,0,0,0,1,0,0,0,0,0,0,0,0,0
"122","02FV.Bicellaria vana","higher","02FV",1,0,0,0,0,0,0,0,0,0,0,0,0,0,0
"123","02FV.Bicellaria varia","higher","02FV",1,0,0,0,0,0,0,0,0,0,0,0,0,0,0
"124","02FV.Bombus hortorum","higher","02FV",0.2,0,0,0,0,0.4,0.2,0,0,0,0,0,0.2,0,0
"125","02FV.Bombus lapidarius","higher","02FV",0.166666666666667,0,0,0,0.0833333333333333,0.166666666666667,0.0833333333333333,0,0.166666666666667,0.166666666666667,0,0,0.166666666666667,0,0
"126","02FV.Bombus pascuorum","higher","02FV",0.214285714285714,0,0,0.142857142857143,0.0714285714285714,0.285714285714286,0.142857142857143,0,0,0.0714285714285714,0,0,0.0714285714285714,0,0
"127","02FV.Bombus pratorum","higher","02FV",0,0,0,0,0.5,0.5,0,0,0,0,0,0,0,0,0
"128","02FV.Bombus terrestris","higher","02FV",0.142857142857143,0,0,0,0,0.142857142857143,0,0,0.142857142857143,0.142857142857143,0,0.142857142857143,0.285714285714286,0,0
"129","02FV.Bombus vestalis","higher","02FV",0,0,0,0,0,0,0,0,0,1,0,0,0,0,0
"130","02FV.Botanophila fugax","higher","02FV",0,0,0,0,0,0,0.5,0,0.5,0,0,0,0,0,0
"131","02FV.Botanophila striolata","higher","02FV",0.285714285714286,0,0,0,0.142857142857143,0.285714285714286,0.142857142857143,0,0,0.142857142857143,0,0,0,0,0
"132","02FV.Brachypterus urticae","higher","02FV",0,0,0,0,0,1,0,0,0,0,0,0,0,0,0
"133","02FV.Bracon sp","higher","02FV",0.5,0,0,0.25,0,0,0,0,0.25,0,0,0,0,0,0
"134","02FV.Bruchus rufimanus","higher","02FV",0,0,0,0,0,0,0,0,1,0,0,0,0,0,0
"135","02FV.Byturus tomentosus","higher","02FV",1,0,0,0,0,0,0,0,0,0,0,0,0,0,0
"136","02FV.Calliphora vicina","higher","02FV",1,0,0,0,0,0,0,0,0,0,0,0,0,0,0
"137","02FV.Calliphora vomitoria","higher","02FV",0,0,0,0,0,0,1,0,0,0,0,0,0,0,0
"138","02FV.Cantharis decipiens","higher","02FV",1,0,0,0,0,0,0,0,0,0,0,0,0,0,0
"139","02FV.Cantharis lateralis","higher","02FV",1,0,0,0,0,0,0,0,0,0,0,0,0,0,0
"140","02FV.Cantharis nigra","higher","02FV",0.285714285714286,0,0,0,0.142857142857143,0,0.142857142857143,0,0.428571428571429,0,0,0,0,0,0
"141","02FV.Cecidomyiidae sp","higher","02FV",0,0,0,1,0,0,0,0,0,0,0,0,0,0,0
"142","02FV.Centrorhynchus obstrictus","higher","02FV",0,0,0,0,0,0,0,0,1,0,0,0,0,0,0
"143","02FV.Cephus pygmaeus","higher","02FV",0.25,0,0,0,0,0.25,0.25,0,0.25,0,0,0,0,0,0
"144","02FV.Ceraphron trissacantha","higher","02FV",0,0,0,0,0,0,0,0,1,0,0,0,0,0,0
"145","02FV.Cetema elongata","higher","02FV",0,0,0,0,0,0,0,0,1,0,0,0,0,0,0
"146","02FV.Cheilosia albitarsis","higher","02FV",0,0,0,0.333333333333333,0,0,0.333333333333333,0,0.333333333333333,0,0,0,0,0,0
"147","02FV.Cheilosia honesta","higher","02FV",0,0,0,0,0,1,0,0,0,0,0,0,0,0,0
"148","02FV.Cheilosia illustrata","higher","02FV",0,0,0,0,0,1,0,0,0,0,0,0,0,0,0
"149","02FV.Cheilosia pagana","higher","02FV",0,0,0,0,0,1,0,0,0,0,0,0,0,0,0
"150","02FV.Cheilosia proxima","higher","02FV",0,0,0,0,0,1,0,0,0,0,0,0,0,0,0
"151","02FV.Cheilosia proxima group sp. D","higher","02FV",0,0,0,0,0,1,0,0,0,0,0,0,0,0,0
"152","02FV.Chloromyia formosa","higher","02FV",0,0,0,0,0.333333333333333,0,0.333333333333333,0,0,0,0,0,0.333333333333333,0,0
"153","02FV.Chlorops hypostigma","higher","02FV",0.6,0,0,0.2,0,0.2,0,0,0,0,0,0,0,0,0
"154","02FV.Chlorops pumilionis","higher","02FV",0.333333333333333,0,0,0.333333333333333,0,0,0.333333333333333,0,0,0,0,0,0,0,0
"155","02FV.Chorebus sp","higher","02FV",0,0,0,0,0,1,0,0,0,0,0,0,0,0,0
"156","02FV.Chorebus sp nov","higher","02FV",0,0,0,0,1,0,0,0,0,0,0,0,0,0,0
"157","02FV.Chromatomyia nigra","higher","02FV",0,0,0,0,0,1,0,0,0,0,0,0,0,0,0
"158","02FV.Chrysopilus asiliformis","higher","02FV",0,0,0,0,0,0,1,0,0,0,0,0,0,0,0
"159","02FV.Chrysotoxum bicinctum","higher","02FV",0,0,0,0,0,1,0,0,0,0,0,0,0,0,0
"160","02FV.Chrysotus sp","higher","02FV",0.166666666666667,0,0,0,0.166666666666667,0.333333333333333,0,0.166666666666667,0.166666666666667,0,0,0,0,0,0
"161","02FV.Coccinella septempunctata","higher","02FV",1,0,0,0,0,0,0,0,0,0,0,0,0,0,0
"162","02FV.Coenosia tigrina","higher","02FV",0,0,0,0,0,1,0,0,0,0,0,0,0,0,0
"163","02FV.Copromyza similes","higher","02FV",1,0,0,0,0,0,0,0,0,0,0,0,0,0,0
"164","02FV.Crossopalpus sp","higher","02FV",1,0,0,0,0,0,0,0,0,0,0,0,0,0,0
"165","02FV.Dacnusa (maculipes)","higher","02FV",0,0,0,1,0,0,0,0,0,0,0,0,0,0,0
"166","02FV.Delia sp","higher","02FV",0.117647058823529,0,0,0.0588235294117647,0.117647058823529,0.235294117647059,0.117647058823529,0,0.235294117647059,0.0588235294117647,0,0,0.0588235294117647,0,0
"167","02FV.Demetrias atricapillus","higher","02FV",0,0,0,0,0,0,0,0,0,0,0,0,1,0,0
"168","02FV.Desmometopa sp","higher","02FV",0,0,0,0,0,0,0,0,1,0,0,0,0,0,0
"169","02FV.Dicraeus tibialis","higher","02FV",0,0,0,1,0,0,0,0,0,0,0,0,0,0,0
"170","02FV.Dicraeus vagans","higher","02FV",0,0,0,0,0,1,0,0,0,0,0,0,0,0,0
"171","02FV.Dilophus febrilis","higher","02FV",0.5,0,0,0,0,0.25,0.25,0,0,0,0,0,0,0,0
"172","02FV.Diospilus capito","higher","02FV",0,0,0,0,0,0,0,0,1,0,0,0,0,0,0
"173","02FV.Diplonevra sp","higher","02FV",0,0,0,0,0.333333333333333,0.333333333333333,0,0,0,0.333333333333333,0,0,0,0,0
"174","02FV.Dolerus haematodes","higher","02FV",0,0,0,0,0,0,1,0,0,0,0,0,0,0,0
"175","02FV.Dolichopus festivus","higher","02FV",0,0,0,0.333333333333333,0,0.333333333333333,0,0,0.333333333333333,0,0,0,0,0,0
"176","02FV.Dolichopus ungulatus","higher","02FV",1,0,0,0,0,0,0,0,0,0,0,0,0,0,0
"177","02FV.Ectemnius cephalotes","higher","02FV",0,0,0,0,0,1,0,0,0,0,0,0,0,0,0
"178","02FV.Empis (Xanthempis) sp","higher","02FV",1,0,0,0,0,0,0,0,0,0,0,0,0,0,0
"179","02FV.Empis caudatula","higher","02FV",1,0,0,0,0,0,0,0,0,0,0,0,0,0,0
"180","02FV.Empis chioptera","higher","02FV",0,0,0,0,0,0,1,0,0,0,0,0,0,0,0
"181","02FV.Empis livida","higher","02FV",0.142857142857143,0,0,0.0285714285714286,0.114285714285714,0.228571428571429,0.2,0.0285714285714286,0.171428571428571,0.0285714285714286,0,0,0.0571428571428571,0,0
"182","02FV.Empis nigripes","higher","02FV",1,0,0,0,0,0,0,0,0,0,0,0,0,0,0
"183","02FV.Empis nuntia","higher","02FV",0,0,0,0,0,0,0,0,1,0,0,0,0,0,0
"184","02FV.Endasys sp","higher","02FV",1,0,0,0,0,0,0,0,0,0,0,0,0,0,0
"185","02FV.Episyrphus balteatus","higher","02FV",0.428571428571429,0,0,0,0,0.285714285714286,0,0.142857142857143,0.142857142857143,0,0,0,0,0,0
"186","02FV.Epuraea melanocephala","higher","02FV",0.5,0,0,0,0,0,0,0.5,0,0,0,0,0,0,0
"187","02FV.Eriothrix rufomaculata","higher","02FV",0,0,0,0,0,0.5,0.5,0,0,0,0,0,0,0,0
"188","02FV.Eristalis arbustorum","higher","02FV",0,0,0,0,0,0.4,0.2,0,0.2,0,0,0,0,0.2,0
"189","02FV.Eristalis pertinax","higher","02FV",0.25,0,0,0,0,0.25,0.25,0.25,0,0,0,0,0,0,0
"190","02FV.Eristalis tenax","higher","02FV",0,0,0,0,0,0,0.5,0,0,0,0,0,0.5,0,0
"191","02FV.Eudasyphora cyanella","higher","02FV",0.5,0,0,0,0,0,0,0,0,0,0,0,0.5,0,0
"192","02FV.Eupeodes corollae","higher","02FV",0,0,0,0,0,0,0.333333333333333,0,0.333333333333333,0.333333333333333,0,0,0,0,0
"193","02FV.Eupeodes luniger","higher","02FV",0,0,0,0,0,1,0,0,0,0,0,0,0,0,0
"194","02FV.Fannia serena","higher","02FV",1,0,0,0,0,0,0,0,0,0,0,0,0,0,0
"195","02FV.Fannia sp","higher","02FV",0.333333333333333,0,0,0.166666666666667,0,0.333333333333333,0,0,0.166666666666667,0,0,0,0,0,0
"196","02FV.Formicidae A","higher","02FV",0,0,0,0,0,1,0,0,0,0,0,0,0,0,0
"197","02FV.Formicidae B","higher","02FV",0,0,0,0.5,0.5,0,0,0,0,0,0,0,0,0,0
"198","02FV.Gastrophysa viridular","higher","02FV",0,0,0,0,0,0,0,0,0.5,0,0,0.5,0,0,0
"199","02FV.Geomyza tripunctata","higher","02FV",0,0,0,0,0,0,0,0,0,1,0,0,0,0,0
"200","02FV.Glyphipterix simpliciella","higher","02FV",0.333333333333333,0,0,0.166666666666667,0,0.166666666666667,0.166666666666667,0,0.166666666666667,0,0,0,0,0,0
"201","02FV.Grammoptera ruficornis","higher","02FV",0.5,0,0,0,0,0.5,0,0,0,0,0,0,0,0,0
"202","02FV.Halticoptera sp","higher","02FV",0,0,0,0,1,0,0,0,0,0,0,0,0,0,0
"203","02FV.Helina sp","higher","02FV",0.5,0,0,0,0.5,0,0,0,0,0,0,0,0,0,0
"204","02FV.Helophilus pendulus","higher","02FV",0,0,0,0,0,0,0.5,0,0.5,0,0,0,0,0,0
"205","02FV.Helophilus trivittatus","higher","02FV",0,0,0,0,0,0,0,0,1,0,0,0,0,0,0
"206","02FV.Hemicrepidius hirtus","higher","02FV",0,0,0,0,0,1,0,0,0,0,0,0,0,0,0
"207","02FV.Hercostomus parvilamellatus","higher","02FV",0,0,0,0,0,0,0,1,0,0,0,0,0,0,0
"208","02FV.Herina longistylata","higher","02FV",0,0,0,0,0,0,1,0,0,0,0,0,0,0,0
"209","02FV.Heteronychia vagans","higher","02FV",0,0,0,0,0,1,0,0,0,0,0,0,0,0,0
"210","02FV.Hexacola hexatoma","higher","02FV",0,0,0,0,1,0,0,0,0,0,0,0,0,0,0
"211","02FV.Hydrellia griseola","higher","02FV",0,0,0,0,0.5,0.25,0,0,0.25,0,0,0,0,0,0
"212","02FV.Hydrellia maura","higher","02FV",0,0,0,0.5,0.5,0,0,0,0,0,0,0,0,0,0
"213","02FV.Hylaeus communis","higher","02FV",0,0,0,0,0,0,0,0,0,0,0,0,1,0,0
"214","02FV.Hylaeus hyalinatus","higher","02FV",0,0,0,1,0,0,0,0,0,0,0,0,0,0,0
"215","02FV.Hylemya urbica/variata","higher","02FV",0,0,0,0,0,0,0,0,0,1,0,0,0,0,0
"216","02FV.Hylemya vagans","higher","02FV",0.333333333333333,0,0,0,0,0.333333333333333,0,0.333333333333333,0,0,0,0,0,0,0
"217","02FV.Hylemya variata","higher","02FV",0,0,0,0.5,0,0,0,0.5,0,0,0,0,0,0,0
"218","02FV.Ichneumonidae","higher","02FV",1,0,0,0,0,0,0,0,0,0,0,0,0,0,0
"219","02FV.Kleidotoma tetratoma","higher","02FV",0,0,0,0,1,0,0,0,0,0,0,0,0,0,0
"220","02FV.Kuzinia sp","higher","02FV",1,0,0,0,0,0,0,0,0,0,0,0,0,0,0
"221","02FV.Lasioglossum sp","higher","02FV",0.5,0,0,0,0,0.5,0,0,0,0,0,0,0,0,0
"222","02FV.Limnia unguicornis","higher","02FV",0,0,0,0,0,0,1,0,0,0,0,0,0,0,0
"223","02FV.Limnophora triangula","higher","02FV",1,0,0,0,0,0,0,0,0,0,0,0,0,0,0
"224","02FV.Lonchoptera lutea","higher","02FV",0,0,0,0,0,0.333333333333333,0,0,0.333333333333333,0,0,0,0.333333333333333,0,0
"225","02FV.Longitarsus sp","higher","02FV",0,0,0,0,0,0,0,0,1,0,0,0,0,0,0
"226","02FV.Lotophila atra","higher","02FV",0,0,0,0,0.5,0,0,0,0,0.5,0,0,0,0,0
"227","02FV.Lucilia caesar","higher","02FV",0,0,0,0,0,0.5,0.5,0,0,0,0,0,0,0,0
"228","02FV.Lucilia richardsi","higher","02FV",0,0,0,0,0,0,1,0,0,0,0,0,0,0,0
"229","02FV.Lucilia sericata","higher","02FV",0.5,0,0,0,0,0,0.5,0,0,0,0,0,0,0,0
"230","02FV.Malachius bipustulatus","higher","02FV",0,0,0,0.25,0,0.25,0.25,0,0.25,0,0,0,0,0,0
"231","02FV.Malthodes minimus","higher","02FV",1,0,0,0,0,0,0,0,0,0,0,0,0,0,0
"232","02FV.Maniola jurtina","higher","02FV",0,0,0,0,1,0,0,0,0,0,0,0,0,0,0
"233","02FV.Megaselia sp","higher","02FV",0,0,0,1,0,0,0,0,0,0,0,0,0,0,0
"234","02FV.Melangyna sp","higher","02FV",0,0,0,0,0,0,0,0,0,1,0,0,0,0,0
"235","02FV.Melanostoma mellinum","higher","02FV",0,0,0,0.125,0,0.375,0.125,0,0.375,0,0,0,0,0,0
"236","02FV.Melanostoma scalare","higher","02FV",1,0,0,0,0,0,0,0,0,0,0,0,0,0,0
"237","02FV.Melanostoma sp","higher","02FV",1,0,0,0,0,0,0,0,0,0,0,0,0,0,0
"238","02FV.Melinda viridicyanea","higher","02FV",0.333333333333333,0,0,0,0,0.333333333333333,0.333333333333333,0,0,0,0,0,0,0,0
"239","02FV.Metasyrphus luniger","higher","02FV",0,0,0,0,0,0,0,0,0,1,0,0,0,0,0
"240","02FV.Metopina sp","higher","02FV",0,0,0,0.2,0.4,0,0.2,0,0.2,0,0,0,0,0,0
"241","02FV.Microchrysa polita","higher","02FV",0,0,0,0,0,0,1,0,0,0,0,0,0,0,0
"242","02FV.Microphor anomalus","higher","02FV",1,0,0,0,0,0,0,0,0,0,0,0,0,0,0
"243","02FV.Micropterix calthella","higher","02FV",0,0,0,1,0,0,0,0,0,0,0,0,0,0,0
"244","02FV.Miscogaster maculata","higher","02FV",1,0,0,0,0,0,0,0,0,0,0,0,0,0,0
"245","02FV.Musca autumnalis","higher","02FV",0,0,0,0,0,1,0,0,0,0,0,0,0,0,0
"246","02FV.Neoascia podagrica","higher","02FV",0.333333333333333,0,0,0,0,0.666666666666667,0,0,0,0,0,0,0,0,0
"247","02FV.Neomyia cornicina","higher","02FV",0.142857142857143,0,0,0,0,0.285714285714286,0.285714285714286,0,0.285714285714286,0,0,0,0,0,0
"248","02FV.Neomyia viridescens","higher","02FV",0,0,0,0,0,0.5,0.5,0,0,0,0,0,0,0,0
"249","02FV.Norellisoma spinimanum","higher","02FV",0,0,0,1,0,0,0,0,0,0,0,0,0,0,0
"250","02FV.Oedemera lurida","higher","02FV",0,0,0,0.2,0,0.4,0.2,0,0.2,0,0,0,0,0,0
"251","02FV.Oedemera nobilis","higher","02FV",0.0909090909090909,0,0,0.0909090909090909,0.0909090909090909,0.363636363636364,0.181818181818182,0,0.0909090909090909,0,0,0,0.0909090909090909,0,0
"252","02FV.Olibrus aeneus","higher","02FV",0,0,0,0,0,0.333333333333333,0,0,0.666666666666667,0,0,0,0,0,0
"253","02FV.Omphalapion hookerorum","higher","02FV",0,0,0,0,0,0,0,0,1,0,0,0,0,0,0
"254","02FV.Ophiomyia sp","higher","02FV",1,0,0,0,0,0,0,0,0,0,0,0,0,0,0
"255","02FV.Opomyza germinationis","higher","02FV",0,0,0,0,0.333333333333333,0.333333333333333,0,0,0.333333333333333,0,0,0,0,0,0
"256","02FV.Opomyza petrei","higher","02FV",0,0,0,0,0,1,0,0,0,0,0,0,0,0,0
"257","02FV.Oscinella cariciphila","higher","02FV",0,0,0,0.5,0,0.5,0,0,0,0,0,0,0,0,0
"258","02FV.Oscinella frit","higher","02FV",0,0,0,0.25,0,0,0.25,0,0.25,0.25,0,0,0,0,0
"259","02FV.Oscinella hortensis","higher","02FV",0,0,0,0,0,0,1,0,0,0,0,0,0,0,0
"260","02FV.Oscinella nigerrima","higher","02FV",0,0,0,0,0,1,0,0,0,0,0,0,0,0,0
"261","02FV.Oscinella nitidissima","higher","02FV",0,0,0,0.25,0.25,0.25,0.25,0,0,0,0,0,0,0,0
"262","02FV.Pegoplata aestiva or Adia cinerella","higher","02FV",0.227272727272727,0,0,0.0454545454545455,0.136363636363636,0.181818181818182,0,0,0.181818181818182,0.0454545454545455,0,0,0.136363636363636,0.0454545454545455,0
"263","02FV.Pegoplata depilis","higher","02FV",1,0,0,0,0,0,0,0,0,0,0,0,0,0,0
"264","02FV.Pegoplata infirma","higher","02FV",0,0,0,0,0,1,0,0,0,0,0,0,0,0,0
"265","02FV.Phaenocarpa (ruficeps)","higher","02FV",1,0,0,0,0,0,0,0,0,0,0,0,0,0,0
"266","02FV.Phaonia lasiophthalma","higher","02FV",1,0,0,0,0,0,0,0,0,0,0,0,0,0,0
"267","02FV.Phasia obesa","higher","02FV",0,0,0,0,0,0,0,0,1,0,0,0,0,0,0
"268","02FV.Phasia pusilla","higher","02FV",0.5,0,0,0,0,0,0,0,0,0,0,0,0.5,0,0
"269","02FV.Phradis morionellus","higher","02FV",0,0,0,0,0,0,0,0,1,0,0,0,0,0,0
"270","02FV.Phyllobius virideaeris","higher","02FV",0,0,0,1,0,0,0,0,0,0,0,0,0,0,0
"271","02FV.Phyllonorycter sp","higher","02FV",0,0,0,0,0,0.5,0.5,0,0,0,0,0,0,0,0
"272","02FV.Phytomyza cineracea","higher","02FV",0,0,0,0,0,1,0,0,0,0,0,0,0,0,0
"273","02FV.Phytomyza notata","higher","02FV",0,0,0,0,0,0,0,0,0,1,0,0,0,0,0
"274","02FV.Pieris brassicae","higher","02FV",0,0,0,0,0,0,0,0,0,0,0,0,1,0,0
"275","02FV.Pierretia sp","higher","02FV",1,0,0,0,0,0,0,0,0,0,0,0,0,0,0
"276","02FV.Pimpla contemplator","higher","02FV",1,0,0,0,0,0,0,0,0,0,0,0,0,0,0
"277","02FV.Pionini sp","higher","02FV",0,0,0,0,0,1,0,0,0,0,0,0,0,0,0
"278","02FV.Pipiza noctiluca","higher","02FV",1,0,0,0,0,0,0,0,0,0,0,0,0,0,0
"279","02FV.Plagiatrochus sp","higher","02FV",1,0,0,0,0,0,0,0,0,0,0,0,0,0,0
"280","02FV.Platycheirus albimanus","higher","02FV",0.428571428571429,0,0,0.0476190476190476,0.0476190476190476,0.0952380952380952,0.19047619047619,0.0952380952380952,0.0952380952380952,0,0,0,0,0,0
"281","02FV.Platycheirus clypeatus","higher","02FV",0,0,0,0,0,0.5,0,0,0,0,0,0,0.5,0,0
"282","02FV.Platycheirus manicatus","higher","02FV",0,0,0,0,0,0,0,0,1,0,0,0,0,0,0
"283","02FV.Platycheirus nielseni","higher","02FV",0.75,0,0,0,0,0,0,0,0.25,0,0,0,0,0,0
"284","02FV.Platycheirus peltatus","higher","02FV",1,0,0,0,0,0,0,0,0,0,0,0,0,0,0
"285","02FV.Platycheirus scutatus","higher","02FV",1,0,0,0,0,0,0,0,0,0,0,0,0,0,0
"286","02FV.Platycheirus sp","higher","02FV",0,0,0,0,0,0,0,0,1,0,0,0,0,0,0
"287","02FV.Platypalpus sp","higher","02FV",0,0,0,0.2,0.2,0.2,0.4,0,0,0,0,0,0,0,0
"288","02FV.Pollenia amentaria","higher","02FV",0,0,0,0,0,0.5,0,0,0,0.5,0,0,0,0,0
"289","02FV.Pollenia pediculata","higher","02FV",0.142857142857143,0,0,0,0,0.428571428571429,0.142857142857143,0,0.142857142857143,0,0,0,0.142857142857143,0,0
"290","02FV.Pollenia rudis","higher","02FV",0,0,0,0,0,0.5,0,0,0.5,0,0,0,0,0,0
"291","02FV.Polyommatus icarus","higher","02FV",0,0,0,0,0,1,0,0,0,0,0,0,0,0,0
"292","02FV.Psallinae sp","higher","02FV",0,0,0,0,0,0,0,0,0,1,0,0,0,0,0
"293","02FV.Psocoptera sp","higher","02FV",0,0,0,0,0,0,1,0,0,0,0,0,0,0,0
"294","02FV.Psychodidae sp","higher","02FV",1,0,0,0,0,0,0,0,0,0,0,0,0,0,0
"295","02FV.Psyllidae sp","higher","02FV",1,0,0,0,0,0,0,0,0,0,0,0,0,0,0
"296","02FV.Pteromalidae","higher","02FV",0.333333333333333,0,0,0,0,0.333333333333333,0,0,0,0.333333333333333,0,0,0,0,0
"297","02FV.Pyronia tithonus","higher","02FV",0,0,0,0,0,0.5,0.5,0,0,0,0,0,0,0,0
"298","02FV.Rhagio notatus","higher","02FV",0,0,0,0,1,0,0,0,0,0,0,0,0,0,0
"299","02FV.Rhagio tringarius","higher","02FV",0,0,0,0,0.5,0,0.5,0,0,0,0,0,0,0,0
"300","02FV.Rhagonycha fulva","higher","02FV",0.2,0,0,0,0,0.6,0.2,0,0,0,0,0,0,0,0
"301","02FV.Rhingia campestris","higher","02FV",0,0,0,0.166666666666667,0,0,0,0.5,0,0,0,0.166666666666667,0,0.166666666666667,0
"302","02FV.Rhinophora lepida","higher","02FV",0.75,0,0,0,0,0.25,0,0,0,0,0,0,0,0,0
"303","02FV.Rhoptromeris heptoma","higher","02FV",0,0,0,0,1,0,0,0,0,0,0,0,0,0,0
"304","02FV.Rhoptromeris rufiventris","higher","02FV",0,0,0,0,1,0,0,0,0,0,0,0,0,0,0
"305","02FV.Saltella sphondylii","higher","02FV",0,0,0,0,0,0,0,0,0,1,0,0,0,0,0
"306","02FV.Sarcophaga carnaria","higher","02FV",0,0,0,0,0,0,0,0,0,0,0,0,1,0,0
"307","02FV.Scaptomyza flava","higher","02FV",0,0,0,0,0,0,0,0,1,0,0,0,0,0,0
"308","02FV.Scaptomyza pallida","higher","02FV",0,0,0,0,0,0.25,0,0,0.25,0.25,0,0,0.25,0,0
"309","02FV.Scathophaga stercoraria","higher","02FV",0.24,0,0,0.08,0.08,0.2,0.08,0,0.08,0.08,0,0,0.16,0,0
"310","02FV.Scatopsidae sp","higher","02FV",0.166666666666667,0,0,0,0.5,0.166666666666667,0,0,0.166666666666667,0,0,0,0,0,0
"311","02FV.Sciaridae sp","higher","02FV",0.5,0,0,0,0,0.25,0,0,0,0.25,0,0,0,0,0
"312","02FV.Sepsis cynipsea or neocynipsea","higher","02FV",0.5,0,0,0,0,0,0,0,0,0.5,0,0,0,0,0
"313","02FV.Sepsis flavimana","higher","02FV",1,0,0,0,0,0,0,0,0,0,0,0,0,0,0
"314","02FV.Sepsis fulgens","higher","02FV",0,0,0,0,0.25,0.25,0,0,0.25,0,0,0,0.25,0,0
"315","02FV.Sepsis orthocnemis","higher","02FV",0,0,0,0,0,1,0,0,0,0,0,0,0,0,0
"316","02FV.Sepsis violacea","higher","02FV",0,0,0,0,0,1,0,0,0,0,0,0,0,0,0
"317","02FV.Sicus ferrugineus","higher","02FV",0,0,0,0,0,0,1,0,0,0,0,0,0,0,0
"318","02FV.Simulium sp","higher","02FV",0,0,0,0,0,1,0,0,0,0,0,0,0,0,0
"319","02FV.Siphona geniculata","higher","02FV",0.142857142857143,0,0,0,0.142857142857143,0.428571428571429,0,0.142857142857143,0,0.142857142857143,0,0,0,0,0
"320","02FV.Sitona puncticollis","higher","02FV",0,0,0,0,0,0,0,0,0,1,0,0,0,0,0
"321","02FV.Sphaerophoria menthastri","higher","02FV",0,0,0,0,0,0,0,0,0,0,0,0,1,0,0
"322","02FV.Sphaerophoria rueppellii","higher","02FV",0,0,0,0,0,0,1,0,0,0,0,0,0,0,0
"323","02FV.Sphaerophoria scripta","higher","02FV",0,0,0,0,0.2,0.2,0.2,0,0.4,0,0,0,0,0,0
"324","02FV.Sphaerophoria sp","higher","02FV",0.2,0,0,0.2,0,0.1,0.2,0,0.2,0,0,0,0.1,0,0
"325","02FV.Stenodiplosis sp","higher","02FV",0,0,0,0,0,1,0,0,0,0,0,0,0,0,0
"326","02FV.Stenomalina sp","higher","02FV",0,0,0,0,0,0,0,0,0,1,0,0,0,0,0
"327","02FV.Sussaba cognata","higher","02FV",1,0,0,0,0,0,0,0,0,0,0,0,0,0,0
"328","02FV.Syritta pipiens","higher","02FV",0.166666666666667,0,0,0,0,0.333333333333333,0.166666666666667,0,0.166666666666667,0,0,0,0.166666666666667,0,0
"329","02FV.Syrphus ribesii","higher","02FV",0,0,0,1,0,0,0,0,0,0,0,0,0,0,0
"330","02FV.Tenthredopsis nassata","higher","02FV",1,0,0,0,0,0,0,0,0,0,0,0,0,0,0
"331","02FV.Tersilochus sp","higher","02FV",0,0,0,0,0,0,1,0,0,0,0,0,0,0,0
"332","02FV.Tetramesa sp","higher","02FV",0,0,0,0,0,0.5,0,0,0.5,0,0,0,0,0,0
"333","02FV.Tetrastichinae sp","higher","02FV",0,0,0,0,0.666666666666667,0,0,0,0,0.333333333333333,0,0,0,0,0
"334","02FV.Thaumatomyia glabra","higher","02FV",0,0,0,0,0,1,0,0,0,0,0,0,0,0,0
"335","02FV.Theroscopus sp","higher","02FV",1,0,0,0,0,0,0,0,0,0,0,0,0,0,0
"336","02FV.Tiphia minuta","higher","02FV",0,0,0,0,0,1,0,0,0,0,0,0,0,0,0
"337","02FV.Torymus sp","higher","02FV",0,0,0,0,0,0,1,0,0,0,0,0,0,0,0
"338","02FV.Tricimba cincta","higher","02FV",0,0,0,0,0,1,0,0,0,0,0,0,0,0,0
"339","02FV.Triphleba sp","higher","02FV",0,0,0,0,0.5,0,0.5,0,0,0,0,0,0,0,0
"340","02FV.Trybliographa erythrocera","higher","02FV",1,0,0,0,0,0,0,0,0,0,0,0,0,0,0
"341","02FV.Tytthaspis sedecimpunctata","higher","02FV",0,0,0,1,0,0,0,0,0,0,0,0,0,0,0
"342","02FV.Volucella bombylans","higher","02FV",0,0,0,0,0,1,0,0,0,0,0,0,0,0,0
"343","03APH.Acyrthosiphon pisum","higher","03APH",0,0,0,0,0.0833333333333333,0,0,0,0,0.0833333333333333,0,0,0.0833333333333333,0,0
"344","03APH.Acyrthosiphon pisum","lower","03APH",0,0,0,0,0.0833333333333333,0,0,0,0,0.0833333333333333,0,0,0.583333333333333,0,0
"345","03APH.Aphid species 1","higher","03APH",0,0,0,0,0,0,0,0.333333333333333,0,0,0,0,0,0,0
"346","03APH.Aphid species 1","lower","03APH",0,0,0,0,0,0,0,0.666666666666667,0,0,0,0,0,0,0
"347","03APH.Aphis fabae","higher","03APH",0,0,0,0,0,0,1,0,0,0,0,0,0,0,0
"348","03APH.Aphis galiiscabri","higher","03APH",0.5,0,0,0,0,0.5,0,0,0,0,0,0,0,0,0
"349","03APH.Aphis rumicis","higher","03APH",0,0,0,0.166666666666667,0.166666666666667,0.166666666666667,0.166666666666667,0,0.166666666666667,0,0,0,0,0,0
"350","03APH.Aphis rumicis","lower","03APH",0,0,0,0,0,0,0,0,0.166666666666667,0,0,0,0,0,0
"351","03APH.Aphis urticae","higher","03APH",1,0,0,0,0,0,0,0,0,0,0,0,0,0,0
"352","03APH.Brachycaudus helichrysii","higher","03APH",0,0,0,0,0,0.111111111111111,0.111111111111111,0,0.111111111111111,0.0555555555555556,0,0,0.111111111111111,0,0
"353","03APH.Brachycaudus helichrysii","lower","03APH",0,0,0,0,0,0.277777777777778,0,0,0.222222222222222,0,0,0,0,0,0
"354","03APH.Capitophorus elaeagnii","higher","03APH",0.166666666666667,0,0,0,0.166666666666667,0.166666666666667,0.166666666666667,0,0.166666666666667,0.166666666666667,0,0,0,0,0
"355","03APH.Cavariella aegopodii","higher","03APH",0.25,0,0,0.25,0.25,0.25,0,0,0,0,0,0,0,0,0
"356","03APH.Cryptomyzus korschelti","higher","03APH",0,0,0,0,0,0,0,1,0,0,0,0,0,0,0
"357","03APH.Dysaphis species 1","higher","03APH",0,0,0,0,0,0,0.5,0,0,0,0,0,0,0,0
"358","03APH.Dysaphis species 1","lower","03APH",0,0,0,0,0,0,0.5,0,0,0,0,0,0,0,0
"359","03APH.Hyperomyzus lactucae","higher","03APH",0,0,0,0,0,0.166666666666667,0,0,0.333333333333333,0.166666666666667,0,0,0.333333333333333,0,0
"360","03APH.Lipaphys erysimi","higher","03APH",0,0,0,0,0,0,0,0,1,0,0,0,0,0,0
"361","03APH.Macrosiphum funestum","higher","03APH",0.333333333333333,0,0,0,0,0,0,0.333333333333333,0,0,0,0,0,0,0
"362","03APH.Macrosiphum funestum","lower","03APH",0.333333333333333,0,0,0,0,0,0,0,0,0,0,0,0,0,0
"363","03APH.Metopolophium dihrodum","higher","03APH",0.25,0,0,0,0,0.25,0,0,0.25,0.25,0,0,0,0,0
"364","03APH.Microlophium carnosum","higher","03APH",0.142857142857143,0,0,0,0,0.142857142857143,0,0.142857142857143,0,0,0,0,0,0,0
"365","03APH.Microlophium carnosum","lower","03APH",0.285714285714286,0,0,0,0,0.142857142857143,0,0.142857142857143,0,0,0,0,0,0,0
"366","03APH.Myzocallis coryli","higher","03APH",0,0,0,0,0,0,1,0,0,0,0,0,0,0,0
"367","03APH.Myzus persicae","higher","03APH",0,0,0,0,0,0.333333333333333,0,0,0.666666666666667,0,0,0,0,0,0
"368","03APH.Nasonvoia ribisnigri","higher","03APH",0,0,0,0,0,0,0,0,0,0,0,0,1,0,0
"369","03APH.Phorodon humuli","higher","03APH",0.25,0,0,0,0,0,0,0.25,0,0,0,0,0,0,0
"370","03APH.Phorodon humuli","lower","03APH",0.5,0,0,0,0,0,0,0,0,0,0,0,0,0,0
"371","03APH.Sipha maydis","higher","03APH",0.125,0,0,0.125,0.125,0.125,0.125,0,0.125,0.125,0,0,0.125,0,0
"372","03APH.Sitobion avenae","higher","03APH",0.0363636363636364,0,0,0.0181818181818182,0.0181818181818182,0.0181818181818182,0.0181818181818182,0.0181818181818182,0.0727272727272727,0.0181818181818182,0,0,0.0181818181818182,0,0
"373","03APH.Sitobion avenae","lower","03APH",0.0363636363636364,0,0,0.0727272727272727,0.0545454545454545,0.163636363636364,0.145454545454545,0,0.2,0.0181818181818182,0,0,0.0727272727272727,0,0
"374","03APH.Sitobion fragariae","higher","03APH",1,0,0,0,0,0,0,0,0,0,0,0,0,0,0
"375","03APH.Therioaphis trifoli","higher","03APH",0,0,0,0,0,0,0,0,0,0,0,0,0.333333333333333,0,0
"376","03APH.Therioaphis trifoli","lower","03APH",0,0,0,0,0,0,0,0,0,0,0,0,0.666666666666667,0,0
"377","03APH.Tubaphis ranunculina","higher","03APH",0,0,0,0,0.142857142857143,0,0,0,0.142857142857143,0.142857142857143,0,0,0,0,0
"378","03APH.Tubaphis ranunculina","lower","03APH",0,0,0,0,0.142857142857143,0,0,0,0.285714285714286,0.142857142857143,0,0,0,0,0
"379","03APH.Uroleucon aeneum","higher","03APH",0,0,0,0,0.333333333333333,0,0.333333333333333,0,0,0.333333333333333,0,0,0,0,0
"380","03APH.Uroleucon cirsii","higher","03APH",0.125,0,0,0,0.125,0.125,0.125,0,0.125,0.125,0,0,0.125,0,0
"381","03APH.Uroleucon cirsii","lower","03APH",0,0,0,0,0,0.125,0,0,0,0,0,0,0,0,0
"382","03APH.Uroleucon sonchi","higher","03APH",0,0,0,0,0,0,0,0,0,0,0,0,0.5,0,0
"383","03APH.Uroleucon sonchi","lower","03APH",0,0,0,0,0,0,0,0,0,0,0,0,0.5,0,0
"384","04PRIMARYPARA.Aphidius ervi","higher","04PRIMARYPARA",0.181818181818182,0,0,0,0.0909090909090909,0.0909090909090909,0.0909090909090909,0,0.136363636363636,0.0909090909090909,0,0,0.318181818181818,0,0
"385","04PRIMARYPARA.Aphidius funebris","higher","04PRIMARYPARA",0,0,0,0,0,1,0,0,0,0,0,0,0,0,0
"386","04PRIMARYPARA.Aphidius matricariae","higher","04PRIMARYPARA",0,0,0,0,0,0.333333333333333,0,0,0.666666666666667,0,0,0,0,0,0
"387","04PRIMARYPARA.Aphidius picipes?","higher","04PRIMARYPARA",0,0,0,0,0,0.285714285714286,0,0,0.714285714285714,0,0,0,0,0,0
"388","04PRIMARYPARA.Aphidius rhopalosiphi?","higher","04PRIMARYPARA",0,0,0,0.153846153846154,0,0.307692307692308,0.153846153846154,0,0.230769230769231,0,0,0,0.153846153846154,0,0
"389","04PRIMARYPARA.Ephedrus plagiator","higher","04PRIMARYPARA",0.133333333333333,0,0,0.133333333333333,0,0.133333333333333,0.133333333333333,0,0.333333333333333,0,0,0,0.133333333333333,0,0
"390","04PRIMARYPARA.Praon dorsale?","higher","04PRIMARYPARA",0,0,0,0,0,0,0,0,0,0,0,0,1,0,0
"391","04PRIMARYPARA.Praon exoletum?","higher","04PRIMARYPARA",0,0,0,0,0,0,0,0.5,0.5,0,0,0,0,0,0
"392","04PRIMARYPARA.Praon sp nr flavinode","higher","04PRIMARYPARA",0,0,0,0,1,0,0,0,0,0,0,0,0,0,0
"393","04PRIMARYPARA.Praon volucre","higher","04PRIMARYPARA",0,0,0,0,0,0,0,0,1,0,0,0,0,0,0
"394","04PRIMARYPARA.Trioxys B","higher","04PRIMARYPARA",0,0,0,0,0,0,0,1,0,0,0,0,0,0,0
"395","05SECONDARYPARA.Alloxysta victrix","higher","05SECONDARYPARA",0.16,0,0,0,0,0.08,0.16,0,0.24,0.16,0,0,0.2,0,0
"396","05SECONDARYPARA.Asaphes suspensus","higher","05SECONDARYPARA",0,0,0,0,0.235294117647059,0.235294117647059,0.117647058823529,0,0.294117647058824,0,0,0,0.117647058823529,0,0
"397","05SECONDARYPARA.Asaphes vulgaris","higher","05SECONDARYPARA",0.166666666666667,0,0,0,0.166666666666667,0.166666666666667,0.166666666666667,0,0.166666666666667,0,0,0,0.166666666666667,0,0
"398","05SECONDARYPARA.Coruna clavata","higher","05SECONDARYPARA",0,0,0,0,0,0,1,0,0,0,0,0,0,0,0
"399","05SECONDARYPARA.Dendrocerus aphidum","higher","05SECONDARYPARA",0,0,0,0.125,0,0.25,0.125,0.125,0.25,0,0,0,0.125,0,0
"400","05SECONDARYPARA.Dendrocerus carpenteri","higher","05SECONDARYPARA",0.142857142857143,0,0,0.142857142857143,0,0.285714285714286,0,0,0.285714285714286,0,0,0,0.142857142857143,0,0
"401","05SECONDARYPARA.Pachyneuron sp","higher","05SECONDARYPARA",0,0,0,0,0,1,0,0,0,0,0,0,0,0,0
"402","06MINERPARA.Achrysocharoides acerianus","higher","06MINERPARA",0,0,0,0,0,0,0,1,0,0,0,0,0,0,0
"403","06MINERPARA.Achrysocharoides atys","higher","06MINERPARA",0.5,0,0,0,0,0,0.5,0,0,0,0,0,0,0,0
"404","06MINERPARA.Achrysocharoides butus","higher","06MINERPARA",0,0,0,0,0,0,0,0.5,0,0,0,0,0,0,0.5
"405","06MINERPARA.Achrysocharoides latreillei","higher","06MINERPARA",0,0,0,0,0,0,0,0.5,0,0,0,0,0,0,0.5
"406","06MINERPARA.Adelius sp","higher","06MINERPARA",0.666666666666667,0,0,0,0,0.333333333333333,0,0,0,0,0,0,0,0,0
"407","06MINERPARA.Adelurola florimela","higher","06MINERPARA",1,0,0,0,0,0,0,0,0,0,0,0,0,0,0
"408","06MINERPARA.Alysiinae sp","higher","06MINERPARA",0.142857142857143,0,0,0.142857142857143,0.142857142857143,0.142857142857143,0.142857142857143,0,0.285714285714286,0,0,0,0,0,0
"409","06MINERPARA.Anagrus sp A","higher","06MINERPARA",0,0,0,0,0,0,0,0.6,0.2,0,0,0,0,0,0.2
"410","06MINERPARA.Anagrus sp B","higher","06MINERPARA",0.333333333333333,0,0,0,0.333333333333333,0,0.333333333333333,0,0,0,0,0,0,0,0
"411","06MINERPARA.Anagrus sp C","higher","06MINERPARA",0,0,0,0,0,1,0,0,0,0,0,0,0,0,0
"412","06MINERPARA.Apanteles circumscriptus","higher","06MINERPARA",1,0,0,0,0,0,0,0,0,0,0,0,0,0,0
"413","06MINERPARA.Aphanogmus microneurus","higher","06MINERPARA",0,0,0,0,0,0,0,0,1,0,0,0,0,0,0
"414","06MINERPARA.Aphanogmus sp","higher","06MINERPARA",0,0,0,0,0,1,0,0,0,0,0,0,0,0,0
"415","06MINERPARA.Apodesmia A","higher","06MINERPARA",0,0,0,0,0.5,0,0,0,0,0.5,0,0,0,0,0
"416","06MINERPARA.Apodesmia curvata","higher","06MINERPARA",0,0,0,0.5,0,0,0,0,0.5,0,0,0,0,0,0
"417","06MINERPARA.Apodesmia irregularis","higher","06MINERPARA",0,0,0,0,0,0,0,1,0,0,0,0,0,0,0
"418","06MINERPARA.Apodesmia ocellata","higher","06MINERPARA",0.5,0,0,0,0,0.5,0,0,0,0,0,0,0,0,0
"419","06MINERPARA.Apodesmia rufipes","higher","06MINERPARA",0,0,0,0,0,0,1,0,0,0,0,0,0,0,0
"420","06MINERPARA.Apodesmia similis","higher","06MINERPARA",0,0,0,0.285714285714286,0.142857142857143,0,0.285714285714286,0,0.142857142857143,0,0,0.142857142857143,0,0,0
"421","06MINERPARA.Asaphes suspensus","higher","06MINERPARA",0,0,0,0,0,0,0,0,0,0,0,0,0,1,0
"422","06MINERPARA.Ascogaster varipes","higher","06MINERPARA",0,0,0,0,0,0,1,0,0,0,0,0,0,0,0
"423","06MINERPARA.Bracon sp","higher","06MINERPARA",0.5,0,0,0,0.166666666666667,0.166666666666667,0,0.166666666666667,0,0,0,0,0,0,0
"424","06MINERPARA.Campoplex sp","higher","06MINERPARA",0,0,0,0,0,0,1,0,0,0,0,0,0,0,0
"425","06MINERPARA.Chelonus scabrosus","higher","06MINERPARA",0,0,0,0,0,0,1,0,0,0,0,0,0,0,0
"426","06MINERPARA.Chelonus sp","higher","06MINERPARA",0,0,0,1,0,0,0,0,0,0,0,0,0,0,0
"427","06MINERPARA.Chelonus sp aff rimatus","higher","06MINERPARA",1,0,0,0,0,0,0,0,0,0,0,0,0,0,0
"428","06MINERPARA.Chorebus A","higher","06MINERPARA",1,0,0,0,0,0,0,0,0,0,0,0,0,0,0
"429","06MINERPARA.Chorebus amasis","higher","06MINERPARA",0,0,0,0,0,0,0,0,1,0,0,0,0,0,0
"430","06MINERPARA.Chorebus aphantus","higher","06MINERPARA",0,0,0,0,0.333333333333333,0,0.333333333333333,0.333333333333333,0,0,0,0,0,0,0
"431","06MINERPARA.Chorebus B","higher","06MINERPARA",0,0,0,0.333333333333333,0,0,0.333333333333333,0,0.333333333333333,0,0,0,0,0,0
"432","06MINERPARA.Chorebus C","higher","06MINERPARA",0,0,0,0,0,1,0,0,0,0,0,0,0,0,0
"433","06MINERPARA.Chorebus E","higher","06MINERPARA",0,0,0,0,0,0,0,1,0,0,0,0,0,0,0
"434","06MINERPARA.Chorebus fallaciosae","higher","06MINERPARA",0,0,0,0.166666666666667,0,0.166666666666667,0.166666666666667,0,0.166666666666667,0.166666666666667,0,0.166666666666667,0,0,0
"435","06MINERPARA.Chorebus lateralis","higher","06MINERPARA",0,0,0,0,0,0,0,1,0,0,0,0,0,0,0
"436","06MINERPARA.Chorebus leptogaster","higher","06MINERPARA",0,0,0,0,0,0,0,0,1,0,0,0,0,0,0
"437","06MINERPARA.Chorebus tanis","higher","06MINERPARA",0,0,0,0,0,1,0,0,0,0,0,0,0,0,0
"438","06MINERPARA.Chrysocharis chilo","higher","06MINERPARA",0,0,0,0,0,0,0,0,1,0,0,0,0,0,0
"439","06MINERPARA.Chrysocharis laomedon","higher","06MINERPARA",0,0,0,0,0,0,0,1,0,0,0,0,0,0,0
"440","06MINERPARA.Chrysocharis orbicularis","higher","06MINERPARA",0.166666666666667,0,0,0,0,0,0,0.166666666666667,0.666666666666667,0,0,0,0,0,0
"441","06MINERPARA.Chrysocharis pentheus","higher","06MINERPARA",0.0909090909090909,0,0,0.181818181818182,0.0909090909090909,0.0909090909090909,0.181818181818182,0,0.181818181818182,0,0,0.181818181818182,0,0,0
"442","06MINERPARA.Chrysocharis polyzo","higher","06MINERPARA",0,0,0,0.666666666666667,0,0,0.333333333333333,0,0,0,0,0,0,0,0
"443","06MINERPARA.Chrysocharis prodice","higher","06MINERPARA",0.666666666666667,0,0,0,0,0,0,0.333333333333333,0,0,0,0,0,0,0
"444","06MINERPARA.Chrysocharis pubicornis","higher","06MINERPARA",0.125,0,0,0.125,0.125,0.1875,0.125,0.0625,0.125,0.0625,0,0.0625,0,0,0
"445","06MINERPARA.Chrysocharis viridis","higher","06MINERPARA",0,0,0,0.230769230769231,0.0769230769230769,0.307692307692308,0.153846153846154,0.0769230769230769,0.0769230769230769,0.0769230769230769,0,0,0,0,0
"446","06MINERPARA.Cirrospilus diallus","higher","06MINERPARA",0,0,0,0,0,0,0,0.5,0,0,0,0,0,0,0.5
"447","06MINERPARA.Cirrospilus lyncus","higher","06MINERPARA",0,0,0,0,0,0,0,1,0,0,0,0,0,0,0
"448","06MINERPARA.Cirrospilus vittatus","higher","06MINERPARA",0,0,0,0,0,0,0.5,0,0.5,0,0,0,0,0,0
"449","06MINERPARA.Colastes braconius","higher","06MINERPARA",0.375,0,0,0,0,0,0.125,0.375,0.125,0,0,0,0,0,0
"450","06MINERPARA.Colastes sp aff braconius","higher","06MINERPARA",0,0,0,0,0,1,0,0,0,0,0,0,0,0,0
"451","06MINERPARA.Coloneura (ate)","higher","06MINERPARA",0,0,0,0,0,0,1,0,0,0,0,0,0,0,0
"452","06MINERPARA.Cyrtogaster vulgaris","higher","06MINERPARA",0.222222222222222,0,0,0.111111111111111,0,0,0.111111111111111,0.111111111111111,0.222222222222222,0.111111111111111,0,0.111111111111111,0,0,0
"453","06MINERPARA.Dacnusa adducta","higher","06MINERPARA",1,0,0,0,0,0,0,0,0,0,0,0,0,0,0
"454","06MINERPARA.Dacnusa areolaris","higher","06MINERPARA",0.0833333333333333,0,0,0.166666666666667,0.166666666666667,0.0833333333333333,0.0833333333333333,0.0833333333333333,0.0833333333333333,0.166666666666667,0,0,0,0.0833333333333333,0
"455","06MINERPARA.Dacnusa laevipectus","higher","06MINERPARA",0.25,0,0,0.25,0,0.25,0.25,0,0,0,0,0,0,0,0
"456","06MINERPARA.Dacnusa macrospila","higher","06MINERPARA",0,0,0,0.25,0.25,0,0,0,0.25,0.25,0,0,0,0,0
"457","06MINERPARA.Dacnusa maculipes/confinis","higher","06MINERPARA",0.125,0,0,0.0833333333333333,0.0833333333333333,0.125,0.0833333333333333,0.0416666666666667,0.166666666666667,0.125,0,0.0833333333333333,0,0.0833333333333333,0
"458","06MINERPARA.Dacnusa tarsalis","higher","06MINERPARA",0.181818181818182,0,0,0.0909090909090909,0.0909090909090909,0.0909090909090909,0.181818181818182,0.0909090909090909,0.0909090909090909,0.0909090909090909,0,0,0,0.0909090909090909,0
"459","06MINERPARA.Dacnusa temula","higher","06MINERPARA",0,0,0,0,0,0,0,0,1,0,0,0,0,0,0
"460","06MINERPARA.Dapsilarthra rufiventris","higher","06MINERPARA",0,0,0,0,0.25,0,0.25,0.25,0.25,0,0,0,0,0,0
"461","06MINERPARA.Desmiostoma parvulum","higher","06MINERPARA",0,0,0,0,1,0,0,0,0,0,0,0,0,0,0
"462","06MINERPARA.Diadegma crataegi","higher","06MINERPARA",1,0,0,0,0,0,0,0,0,0,0,0,0,0,0
"463","06MINERPARA.Diglyphus chabrias","higher","06MINERPARA",1,0,0,0,0,0,0,0,0,0,0,0,0,0,0
"464","06MINERPARA.Diglyphus isaea","higher","06MINERPARA",0.0555555555555556,0,0,0.138888888888889,0.138888888888889,0.111111111111111,0.0555555555555556,0.0833333333333333,0.222222222222222,0.111111111111111,0,0.0555555555555556,0,0.0277777777777778,0
"465","06MINERPARA.Epiclerus temenus","higher","06MINERPARA",0,0,0,0.5,0,0,0.5,0,0,0,0,0,0,0,0
"466","06MINERPARA.Eulophinae sp","higher","06MINERPARA",0,0,0,0.0714285714285714,0.142857142857143,0.214285714285714,0.142857142857143,0.0714285714285714,0.142857142857143,0.142857142857143,0,0,0,0,0.0714285714285714
"467","06MINERPARA.Exotela cyclogaster","higher","06MINERPARA",1,0,0,0,0,0,0,0,0,0,0,0,0,0,0
"468","06MINERPARA.Exotela flavicoxa","higher","06MINERPARA",0,0,0,0,0,0,0,1,0,0,0,0,0,0,0
"469","06MINERPARA.Exotela gilvipes","higher","06MINERPARA",0,0,0,0,1,0,0,0,0,0,0,0,0,0,0
"470","06MINERPARA.Exotela spinifer","higher","06MINERPARA",0.333333333333333,0,0,0.333333333333333,0,0,0.333333333333333,0,0,0,0,0,0,0,0
"471","06MINERPARA.Forsterella sp","higher","06MINERPARA",0.333333333333333,0,0,0.333333333333333,0,0.333333333333333,0,0,0,0,0,0,0,0,0
"472","06MINERPARA.Gelis anthracinus","higher","06MINERPARA",0,0,0,1,0,0,0,0,0,0,0,0,0,0,0
"473","06MINERPARA.Gelis bicolor","higher","06MINERPARA",0,0,0,1,0,0,0,0,0,0,0,0,0,0,0
"474","06MINERPARA.Hemiptarsenus dropion","higher","06MINERPARA",0.181818181818182,0,0,0.0909090909090909,0.0909090909090909,0.181818181818182,0.181818181818182,0,0.181818181818182,0.0909090909090909,0,0,0,0,0
"475","06MINERPARA.Hemiptarsenus fulvicollis","higher","06MINERPARA",0,0,0,0,0.333333333333333,0.333333333333333,0.333333333333333,0,0,0,0,0,0,0,0
"476","06MINERPARA.Hemiptarsenus unguicellus","higher","06MINERPARA",0.0769230769230769,0,0,0.230769230769231,0.230769230769231,0.153846153846154,0.0769230769230769,0.0769230769230769,0.0769230769230769,0.0769230769230769,0,0,0,0,0
"477","06MINERPARA.Ionympha carne","higher","06MINERPARA",0,0,0,0,0,0,0,0,1,0,0,0,0,0,0
"478","06MINERPARA.Microgastrinae sp","higher","06MINERPARA",0.25,0,0,0,0,0,0,0.5,0,0,0,0,0,0,0.25
"479","06MINERPARA.Miscogaster hortensis","higher","06MINERPARA",0,0,0,0,0,0,0,1,0,0,0,0,0,0,0
"480","06MINERPARA.Miscogaster maculata","higher","06MINERPARA",0.166666666666667,0,0,0.166666666666667,0,0.166666666666667,0.333333333333333,0.166666666666667,0,0,0,0,0,0,0
"481","06MINERPARA.Opiinae sp","higher","06MINERPARA",0,0,0,0.25,0.25,0.25,0.25,0,0,0,0,0,0,0,0
"482","06MINERPARA.Opius s.s.","higher","06MINERPARA",0,0,0,0,0,0,0,0,1,0,0,0,0,0,0
"483","06MINERPARA.Opius s.s. lugens","higher","06MINERPARA",0,0,0,0,0.5,0,0,0,0,0.5,0,0,0,0,0
"484","06MINERPARA.Opius sp","higher","06MINERPARA",0,0,0,0.333333333333333,0.333333333333333,0,0,0,0.333333333333333,0,0,0,0,0,0
"485","06MINERPARA.Pediobius acantha","higher","06MINERPARA",0,0,0,0,0,0.333333333333333,0.333333333333333,0.333333333333333,0,0,0,0,0,0,0
"486","06MINERPARA.Pediobius saulius","higher","06MINERPARA",0,0,0,0,0,0,0,0,0,0,0,0,0,0,1
"487","06MINERPARA.Phaedrotoma exigua","higher","06MINERPARA",0,0,0,0,0.25,0.125,0,0,0.5,0,0,0,0,0.125,0
"488","06MINERPARA.Phaedrotoma variegata","higher","06MINERPARA",0,0,0,0,0,0,0,1,0,0,0,0,0,0,0
"489","06MINERPARA.Pnigalio agraules","higher","06MINERPARA",0,0,0,0,0,0,0,0,0,0,0,0,0,0,1
"490","06MINERPARA.Pnigalio soemius","higher","06MINERPARA",0,0,0,0.0666666666666667,0.2,0.0666666666666667,0.333333333333333,0.0666666666666667,0.2,0,0,0.0666666666666667,0,0,0
"491","06MINERPARA.Seladerma diffine","higher","06MINERPARA",0.0555555555555556,0,0,0.111111111111111,0.111111111111111,0.111111111111111,0.166666666666667,0.0555555555555556,0.222222222222222,0.111111111111111,0,0.0555555555555556,0,0,0
"492","06MINERPARA.Seladerma tarsale","higher","06MINERPARA",0,0,0,0.222222222222222,0.111111111111111,0.222222222222222,0.111111111111111,0.111111111111111,0.111111111111111,0.111111111111111,0,0,0,0,0
"493","06MINERPARA.Sympiesis gordius","higher","06MINERPARA",0,0,0,0,0,0,0,1,0,0,0,0,0,0,0
"494","06MINERPARA.Sympiesis sericeicornis","higher","06MINERPARA",0,0,0,0,0,0,0,0.5,0,0,0,0,0,0,0.5
"495","06MINERPARA.Synopeas rhanis","higher","06MINERPARA",0,0,0,0,0,1,0,0,0,0,0,0,0,0,0
"496","06MINERPARA.Torymus sp","higher","06MINERPARA",1,0,0,0,0,0,0,0,0,0,0,0,0,0,0
"497","06MINERPARA.Trioxys A","higher","06MINERPARA",0,0,0,0,0,0,0,0,0,0,0,0,0,0,1
"498","07SEEDINVERT.Blastodacna hellerella","higher","07SEEDINVERT",0.5,0,0,0,0,0.5,0,0,0,0,0,0,0,0,0
"499","07SEEDINVERT.Bruchidius varius","higher","07SEEDINVERT",0,0,0,0,0,0.25,0,0,0,0,0,0,0,0,0
"500","07SEEDINVERT.Bruchidius varius","lower","07SEEDINVERT",0,0,0,0,0,0.75,0,0,0,0,0,0,0,0,0
"501","07SEEDINVERT.Bruchophagus gibbus","higher","07SEEDINVERT",0,0,0,0,0.2,0,0,0,0,0,0,0,0,0,0
"502","07SEEDINVERT.Bruchophagus gibbus","lower","07SEEDINVERT",0,0,0,0,0.8,0,0,0,0,0,0,0,0,0,0
"503","07SEEDINVERT.Curtonotus aulicus","higher","07SEEDINVERT",0,0,0,0,0,0.166666666666667,0,0,0,0,0,0,0,0,0
"504","07SEEDINVERT.Curtonotus aulicus","lower","07SEEDINVERT",0,0,0,0,0,0.833333333333333,0,0,0,0,0,0,0,0,0
"505","07SEEDINVERT.Olibrus aeneus","higher","07SEEDINVERT",0,0,0,0,0,0.166666666666667,0,0,0,0,0,0,0,0,0
"506","07SEEDINVERT.Olibrus aeneus","lower","07SEEDINVERT",0,0,0,0,0,0.833333333333333,0,0,0,0,0,0,0,0,0
"507","07SEEDINVERT.Oxystoma pomonae","higher","07SEEDINVERT",0,0,0,0,0,0.5,0,0,0,0,0,0,0,0,0
"508","07SEEDINVERT.Oxystoma pomonae","lower","07SEEDINVERT",0,0,0,0,0,0.5,0,0,0,0,0,0,0,0,0
"509","07SEEDINVERT.Protapion apricans","higher","07SEEDINVERT",0,0,0,0,0.0769230769230769,0.0769230769230769,0,0,0.0769230769230769,0,0,0.0769230769230769,0,0,0
"510","07SEEDINVERT.Protapion apricans","lower","07SEEDINVERT",0,0,0,0,0.307692307692308,0.230769230769231,0,0,0,0,0,0.153846153846154,0,0,0
"511","07SEEDINVERT.Protapion assimile","higher","07SEEDINVERT",0,0,0,0,0,0.142857142857143,0,0,0,0,0,0.142857142857143,0,0,0
"512","07SEEDINVERT.Protapion assimile","lower","07SEEDINVERT",0,0,0,0,0,0.428571428571429,0,0,0,0,0,0.285714285714286,0,0,0
"513","07SEEDINVERT.Protapion fulvipes","higher","07SEEDINVERT",0,0,0,0.0625,0.0625,0.0625,0,0,0,0.0625,0,0,0,0,0
"514","07SEEDINVERT.Protapion fulvipes","lower","07SEEDINVERT",0,0,0,0.25,0.25,0.1875,0,0,0,0.0625,0,0,0,0,0
"515","07SEEDINVERT.Protapion nigritarse","higher","07SEEDINVERT",0,0,0,0,1,0,0,0,0,0,0,0,0,0,0
"516","07SEEDINVERT.Protapion trifolii","higher","07SEEDINVERT",0,0,0,0,0.0833333333333333,0.0833333333333333,0,0,0,0,0,0.0833333333333333,0,0,0
"517","07SEEDINVERT.Protapion trifolii","lower","07SEEDINVERT",0,0,0,0,0.333333333333333,0.25,0,0,0,0,0,0.166666666666667,0,0,0
"518","07SEEDINVERT.Protapion varipes","higher","07SEEDINVERT",0,0,0,0,0,0.25,0,0,0,0,0,0,0,0,0
"519","07SEEDINVERT.Protapion varipes","lower","07SEEDINVERT",0,0,0,0,0,0.75,0,0,0,0,0,0,0,0,0
"520","07SEEDINVERT.Rhinocyllus conicus","higher","07SEEDINVERT",0,0,0,0,0,0.166666666666667,0,0,0,0,0,0,0,0,0
"521","07SEEDINVERT.Rhinocyllus conicus","lower","07SEEDINVERT",0,0,0,0,0,0.833333333333333,0,0,0,0,0,0,0,0,0
"522","07SEEDINVERT.Sitona lineatus","higher","07SEEDINVERT",0,0,0,0,0,0.25,0,0,0,0,0,0,0,0,0
"523","07SEEDINVERT.Sitona lineatus","lower","07SEEDINVERT",0,0,0,0,0,0.75,0,0,0,0,0,0,0,0,0
"524","07SEEDINVERT.Sitona sulcifrons","higher","07SEEDINVERT",0,0,0,0,0,0.25,0,0,0,0,0,0,0,0,0
"525","07SEEDINVERT.Sitona sulcifrons","lower","07SEEDINVERT",0,0,0,0,0,0.75,0,0,0,0,0,0,0,0,0
"526","07SEEDINVERT.Terellia longicauda","higher","07SEEDINVERT",0.5,0,0,0,0,0,0,0,0,0,0,0,0,0,0
"527","07SEEDINVERT.Terellia longicauda","lower","07SEEDINVERT",0.5,0,0,0,0,0,0,0,0,0,0,0,0,0,0
"528","07SEEDINVERT.Terellia ruficauda","higher","07SEEDINVERT",0,0,0,0.25,0.25,0,0,0,0,0,0,0,0,0,0
"529","07SEEDINVERT.Terellia ruficauda","lower","07SEEDINVERT",0,0,0,0.25,0.25,0,0,0,0,0,0,0,0,0,0
"530","07SEEDINVERT.Terellia serratulae","higher","07SEEDINVERT",0.0909090909090909,0,0,0.0909090909090909,0,0.0909090909090909,0.0909090909090909,0,0,0,0,0,0,0,0
"531","07SEEDINVERT.Terellia serratulae","lower","07SEEDINVERT",0.0909090909090909,0,0,0,0,0.545454545454545,0,0,0,0,0,0,0,0,0
"532","07SEEDINVERT.Urophora stylata","higher","07SEEDINVERT",0,0,0,0.0909090909090909,0,0.181818181818182,0.0909090909090909,0,0,0,0,0,0,0,0
"533","07SEEDINVERT.Urophora stylata","lower","07SEEDINVERT",0,0,0,0.0909090909090909,0,0.545454545454545,0,0,0,0,0,0,0,0,0
"534","08BIRD.Alauda arvensis","higher","08BIRD",0,0,1,0,0,0,0,0,0,0,0,0,0,0,0
"535","08BIRD.Alectoris rufa","higher","08BIRD",0,0,0.827586206896552,0,0,0,0,0,0,0,0.172413793103448,0,0,0,0
"536","08BIRD.Carduelis cannabina","higher","08BIRD",0,0,1,0,0,0,0,0,0,0,0,0,0,0,0
"537","08BIRD.Carduelis carduelis","higher","08BIRD",0,0,0.767857142857143,0,0,0,0,0,0,0,0.232142857142857,0,0,0,0
"538","08BIRD.Carduelis chloris","higher","08BIRD",0,0,1,0,0,0,0,0,0,0,0,0,0,0,0
"539","08BIRD.Columba palumbus","higher","08BIRD",0,0,0.822222222222222,0,0,0,0,0,0,0,0.177777777777778,0,0,0,0
"540","08BIRD.Corvus frugilegus","higher","08BIRD",0,0.208333333333333,0.708333333333333,0,0,0,0,0,0,0,0.0833333333333333,0,0,0,0
"541","08BIRD.Corvus monedula","higher","08BIRD",0,0.210526315789474,0.605263157894737,0,0,0,0,0,0,0,0.184210526315789,0,0,0,0
"542","08BIRD.Emberiza citrinella","higher","08BIRD",0,0,1,0,0,0,0,0,0,0,0,0,0,0,0
"543","08BIRD.Fringilla coelebs","higher","08BIRD",0,0.186666666666667,0.666666666666667,0,0,0,0,0,0,0,0.146666666666667,0,0,0,0
"544","08BIRD.Passer domesticus","higher","08BIRD",0,0,0.73469387755102,0,0,0,0,0,0,0,0.26530612244898,0,0,0,0
"545","08BIRD.Streptopelia decaocto","higher","08BIRD",0,0,0,0,0,0,0,0,0,0,1,0,0,0,0
"546","09MAMMAL.Apodemus.flavicollis","higher","09MAMMAL",0.518518518518518,0.333333333333333,0,0,0,0,0,0,0,0,0,0,0,0,0
"547","09MAMMAL.Apodemus.flavicollis","lower","09MAMMAL",0.0740740740740741,0.0740740740740741,0,0,0,0,0,0,0,0,0,0,0,0,0
"548","09MAMMAL.Apodemus.sylvaticus","higher","09MAMMAL",0.387096774193548,0.17741935483871,0,0.112903225806452,0,0,0.161290322580645,0,0,0,0,0,0,0,0
"549","09MAMMAL.Apodemus.sylvaticus","lower","09MAMMAL",0.0645161290322581,0.0161290322580645,0,0.0483870967741935,0,0,0.032258064516129,0,0,0,0,0,0,0,0
"550","09MAMMAL.Micromys.minutus","higher","09MAMMAL",0,0,0,0,0,0,0.714285714285714,0,0,0,0,0,0,0,0
"551","09MAMMAL.Micromys.minutus","lower","09MAMMAL",0,0,0,0,0,0,0.285714285714286,0,0,0,0,0,0,0,0
"552","09MAMMAL.Myodes.glareolus","higher","09MAMMAL",0.338983050847458,0.203389830508475,0,0,0,0,0.101694915254237,0,0,0,0.0847457627118644,0,0,0,0
"553","09MAMMAL.Myodes.glareolus","lower","09MAMMAL",0.0677966101694915,0.101694915254237,0,0,0,0,0.0338983050847458,0,0,0,0.0677966101694915,0,0,0,0
"554","10BEE.Andrena dorsata","higher","10BEE",0,0,0,0,0,0,0.5,0,0.5,0,0,0,0,0,0
"555","10BEE.Andrena minutula","higher","10BEE",0,0,0,0,0,1,0,0,0,0,0,0,0,0,0
"556","10BEE.Apis mellifera","higher","10BEE",0.0909090909090909,0,0,0.0909090909090909,0,0.272727272727273,0.181818181818182,0,0,0.0909090909090909,0,0.0909090909090909,0.0909090909090909,0.0909090909090909,0
"557","10BEE.Bombus hortorum","higher","10BEE",0.2,0,0,0,0,0.4,0.2,0,0,0,0,0,0.2,0,0
"558","10BEE.Bombus lapidarius","higher","10BEE",0.166666666666667,0,0,0,0.0833333333333333,0.166666666666667,0.0833333333333333,0,0.166666666666667,0.166666666666667,0,0,0.166666666666667,0,0
"559","10BEE.Bombus pascuorum","higher","10BEE",0.214285714285714,0,0,0.142857142857143,0.0714285714285714,0.285714285714286,0.142857142857143,0,0,0.0714285714285714,0,0,0.0714285714285714,0,0
"560","10BEE.Bombus pratorum","higher","10BEE",0,0,0,0,0.5,0.5,0,0,0,0,0,0,0,0,0
"561","10BEE.Bombus terrestris","higher","10BEE",0.142857142857143,0,0,0,0,0.142857142857143,0,0,0.142857142857143,0.142857142857143,0,0.142857142857143,0.285714285714286,0,0
"562","10BEE.Bombus vestalis","higher","10BEE",0,0,0,0,0,0,0,0,0,1,0,0,0,0,0
"563","10BEE.Hylaeus communis","higher","10BEE",0,0,0,0,0,0,0,0,0,0,0,0,1,0,0
"564","10BEE.Hylaeus hyalinatus","higher","10BEE",0,0,0,1,0,0,0,0,0,0,0,0,0,0,0
"565","10BEE.Lasioglossum sp","higher","10BEE",0.5,0,0,0,0,0.5,0,0,0,0,0,0,0,0,0
"566","11HOV.Baccha elongate","higher","11HOV",0,0,0,0,0,0,0,1,0,0,0,0,0,0,0
"567","11HOV.Cheilosia albitarsis","higher","11HOV",0,0,0,0.333333333333333,0,0,0.333333333333333,0,0.333333333333333,0,0,0,0,0,0
"568","11HOV.Cheilosia honesta","higher","11HOV",0,0,0,0,0,1,0,0,0,0,0,0,0,0,0
"569","11HOV.Cheilosia illustrata","higher","11HOV",0,0,0,0,0,1,0,0,0,0,0,0,0,0,0
"570","11HOV.Cheilosia pagana","higher","11HOV",0,0,0,0,0,1,0,0,0,0,0,0,0,0,0
"571","11HOV.Cheilosia proxima","higher","11HOV",0,0,0,0,0,1,0,0,0,0,0,0,0,0,0
"572","11HOV.Cheilosia proxima group sp. D","higher","11HOV",0,0,0,0,0,1,0,0,0,0,0,0,0,0,0
"573","11HOV.Chrysotoxum bicinctum","higher","11HOV",0,0,0,0,0,1,0,0,0,0,0,0,0,0,0
"574","11HOV.Episyrphus balteatus","higher","11HOV",0.428571428571429,0,0,0,0,0.285714285714286,0,0.142857142857143,0.142857142857143,0,0,0,0,0,0
"575","11HOV.Eristalis arbustorum","higher","11HOV",0,0,0,0,0,0.4,0.2,0,0.2,0,0,0,0,0.2,0
"576","11HOV.Eristalis pertinax","higher","11HOV",0.25,0,0,0,0,0.25,0.25,0.25,0,0,0,0,0,0,0
"577","11HOV.Eristalis tenax","higher","11HOV",0,0,0,0,0,0,0.5,0,0,0,0,0,0.5,0,0
"578","11HOV.Eupeodes corollae","higher","11HOV",0,0,0,0,0,0,0.333333333333333,0,0.333333333333333,0.333333333333333,0,0,0,0,0
"579","11HOV.Eupeodes luniger","higher","11HOV",0,0,0,0,0,1,0,0,0,0,0,0,0,0,0
"580","11HOV.Helophilus pendulus","higher","11HOV",0,0,0,0,0,0,0.5,0,0.5,0,0,0,0,0,0
"581","11HOV.Helophilus trivittatus","higher","11HOV",0,0,0,0,0,0,0,0,1,0,0,0,0,0,0
"582","11HOV.Melangyna sp","higher","11HOV",0,0,0,0,0,0,0,0,0,1,0,0,0,0,0
"583","11HOV.Melanostoma mellinum","higher","11HOV",0,0,0,0.125,0,0.375,0.125,0,0.375,0,0,0,0,0,0
"584","11HOV.Melanostoma scalare","higher","11HOV",1,0,0,0,0,0,0,0,0,0,0,0,0,0,0
"585","11HOV.Melanostoma sp","higher","11HOV",1,0,0,0,0,0,0,0,0,0,0,0,0,0,0
"586","11HOV.Metasyrphus luniger","higher","11HOV",0,0,0,0,0,0,0,0,0,1,0,0,0,0,0
"587","11HOV.Neoascia podagrica","higher","11HOV",0.333333333333333,0,0,0,0,0.666666666666667,0,0,0,0,0,0,0,0,0
"588","11HOV.Pipiza noctiluca","higher","11HOV",1,0,0,0,0,0,0,0,0,0,0,0,0,0,0
"589","11HOV.Platycheirus albimanus","higher","11HOV",0.428571428571429,0,0,0.0476190476190476,0.0476190476190476,0.0952380952380952,0.19047619047619,0.0952380952380952,0.0952380952380952,0,0,0,0,0,0
"590","11HOV.Platycheirus clypeatus","higher","11HOV",0,0,0,0,0,0.5,0,0,0,0,0,0,0.5,0,0
"591","11HOV.Platycheirus manicatus","higher","11HOV",0,0,0,0,0,0,0,0,1,0,0,0,0,0,0
"592","11HOV.Platycheirus nielseni","higher","11HOV",0.75,0,0,0,0,0,0,0,0.25,0,0,0,0,0,0
"593","11HOV.Platycheirus peltatus","higher","11HOV",1,0,0,0,0,0,0,0,0,0,0,0,0,0,0
"594","11HOV.Platycheirus scutatus","higher","11HOV",1,0,0,0,0,0,0,0,0,0,0,0,0,0,0
"595","11HOV.Platycheirus sp","higher","11HOV",0,0,0,0,0,0,0,0,1,0,0,0,0,0,0
"596","11HOV.Rhingia campestris","higher","11HOV",0,0,0,0.166666666666667,0,0,0,0.5,0,0,0,0.166666666666667,0,0.166666666666667,0
"597","11HOV.Sphaerophoria menthastri","higher","11HOV",0,0,0,0,0,0,0,0,0,0,0,0,1,0,0
"598","11HOV.Sphaerophoria rueppellii","higher","11HOV",0,0,0,0,0,0,1,0,0,0,0,0,0,0,0
"599","11HOV.Sphaerophoria scripta","higher","11HOV",0,0,0,0,0.2,0.2,0.2,0,0.4,0,0,0,0,0,0
"600","11HOV.Sphaerophoria sp","higher","11HOV",0.2,0,0,0.2,0,0.1,0.2,0,0.2,0,0,0,0.1,0,0
"601","11HOV.Syritta pipiens","higher","11HOV",0.166666666666667,0,0,0,0,0.333333333333333,0.166666666666667,0,0.166666666666667,0,0,0,0.166666666666667,0,0
"602","11HOV.Syrphus ribesii","higher","11HOV",0,0,0,1,0,0,0,0,0,0,0,0,0,0,0
"603","11HOV.Volucella bombylans","higher","11HOV",0,0,0,0,0,1,0,0,0,0,0,0,0,0,0
"604","12BFLY.Comma","higher","12BFLY",1,0,0,0,0,0,0,0,0,0,0,0,0,0,0
"605","12BFLY.Common blue","higher","12BFLY",0,0,0,0.5,0.5,0,0,0,0,0,0,0,0,0,0
"606","12BFLY.Gatekeeper","higher","12BFLY",0.173913043478261,0,0,0.0869565217391304,0.0869565217391304,0.260869565217391,0.130434782608696,0.0869565217391304,0.0869565217391304,0.0869565217391304,0,0,0,0,0
"607","12BFLY.Green-veined White","higher","12BFLY",0.2,0,0,0.2,0,0.333333333333333,0,0,0.133333333333333,0.0666666666666667,0,0.0666666666666667,0,0,0
"608","12BFLY.Large Skipper","higher","12BFLY",0,0,0,0.142857142857143,0,0.571428571428571,0,0,0,0.285714285714286,0,0,0,0,0
"609","12BFLY.Large White","higher","12BFLY",0.230769230769231,0,0,0.230769230769231,0,0.230769230769231,0,0,0.153846153846154,0.0769230769230769,0,0.0769230769230769,0,0,0
"610","12BFLY.Meadow Brown","higher","12BFLY",0.153846153846154,0,0,0.0769230769230769,0.153846153846154,0.230769230769231,0.115384615384615,0,0.115384615384615,0.115384615384615,0,0,0,0.0384615384615385,0
"611","12BFLY.Painted Lady","higher","12BFLY",0,0,0,0,1,0,0,0,0,0,0,0,0,0,0
"612","12BFLY.Peacock","higher","12BFLY",0.222222222222222,0,0,0.166666666666667,0.0555555555555556,0.166666666666667,0.111111111111111,0.111111111111111,0.0555555555555556,0.0555555555555556,0,0.0555555555555556,0,0,0
"613","12BFLY.Red Admiral","higher","12BFLY",0.5,0,0,0.166666666666667,0,0.333333333333333,0,0,0,0,0,0,0,0,0
"614","12BFLY.Ringlet","higher","12BFLY",0,0,0,0.333333333333333,0,0,0.666666666666667,0,0,0,0,0,0,0,0
"615","12BFLY.Small copper","higher","12BFLY",0,0,0,0.5,0,0,0,0,0.166666666666667,0.333333333333333,0,0,0,0,0
"616","12BFLY.Small Skipper","higher","12BFLY",0,0,0,0.285714285714286,0,0,0,0,0.428571428571429,0,0,0.285714285714286,0,0,0
"617","12BFLY.Small tortoiseshell","higher","12BFLY",0.333333333333333,0,0,0.333333333333333,0,0.222222222222222,0,0,0,0,0,0.111111111111111,0,0,0
"618","12BFLY.Small white","higher","12BFLY",0.172413793103448,0,0,0.0689655172413793,0.137931034482759,0.310344827586207,0,0.0344827586206897,0.137931034482759,0.137931034482759,0,0,0,0,0
"619","12BFLY.Speckled wood","higher","12BFLY",0.25,0,0,0.25,0,0.5,0,0,0,0,0,0,0,0,0
"620","13SFPARA.Aprostocetus sp","higher","13SFPARA",0,0,0,0,0,1,0,0,0,0,0,0,0,0,0
"621","13SFPARA.Bracon immutator","higher","13SFPARA",0,0,0,0,0,1,0,0,0,0,0,0,0,0,0
"622","13SFPARA.Bracon osculator","higher","13SFPARA",0,0,0,0,0,1,0,0,0,0,0,0,0,0,0
"623","13SFPARA.Bracon praecox","higher","13SFPARA",0,0,0,1,0,0,0,0,0,0,0,0,0,0,0
"624","13SFPARA.Crataepus marbis","higher","13SFPARA",0,0,0,0,0,1,0,0,0,0,0,0,0,0,0
"625","13SFPARA.Eurytoma sp A","higher","13SFPARA",0,0,0,0,0,1,0,0,0,0,0,0,0,0,0
"626","13SFPARA.Eurytoma sp B","higher","13SFPARA",0,0,0,0,0,1,0,0,0,0,0,0,0,0,0
"627","13SFPARA.Mesopolobus incultus","higher","13SFPARA",0,0,0,0.153846153846154,0.384615384615385,0,0,0,0,0.153846153846154,0,0.307692307692308,0,0,0
"628","13SFPARA.Pterandrophysalis levantina","higher","13SFPARA",0,0,0,0,0,1,0,0,0,0,0,0,0,0,0
"629","13SFPARA.Pteromalus albipennis","higher","13SFPARA",0,0,0,0,1,0,0,0,0,0,0,0,0,0,0
"630","13SFPARA.Pteromalus beryllii","higher","13SFPARA",1,0,0,0,0,0,0,0,0,0,0,0,0,0,0
"631","13SFPARA.Pteromalus elevatus","higher","13SFPARA",0,0,0,0,0,1,0,0,0,0,0,0,0,0,0
"632","13SFPARA.Pteromalus sequester-group","higher","13SFPARA",0,0,0,0,0,1,0,0,0,0,0,0,0,0,0
"633","13SFPARA.Spintherus dubius","higher","13SFPARA",0,0,0,0.1,0.25,0.45,0,0,0,0,0,0.2,0,0,0
"634","13SFPARA.Triaspis floricola","higher","13SFPARA",0,0,0,0,0,1,0,0,0,0,0,0,0,0,0
"635","13SFPARA.Trichomalus campestris","higher","13SFPARA",0,0,0,0.285714285714286,0.714285714285714,0,0,0,0,0,0,0,0,0,0
"636","13SFPARA.Trichomalus rufinus","higher","13SFPARA",0,0,0,0.285714285714286,0.714285714285714,0,0,0,0,0,0,0,0,0,0
"637","14FLEA.Amalaraeus penicilliger mustelae","higher","14FLEA",0.411764705882353,0.313725490196078,0,0,0,0,0.156862745098039,0,0,0,0.117647058823529,0,0,0,0
"638","14FLEA.Ctenophthalmus nobilis vulgaris","higher","14FLEA",0.402985074626866,0.208955223880597,0,0.119402985074627,0,0,0.17910447761194,0,0,0,0.0895522388059701,0,0,0,0
"639","14FLEA.Hystrichopsylla talpae talpae","higher","14FLEA",0.520833333333333,0.229166666666667,0,0,0,0,0.25,0,0,0,0,0,0,0,0
"640","14FLEA.Ixodes trianguliceps","higher","14FLEA",0.540540540540541,0.297297297297297,0,0,0,0,0,0,0,0,0.162162162162162,0,0,0,0
"641","14FLEA.Megabothris turbidus","higher","14FLEA",0.372093023255814,0.302325581395349,0,0.186046511627907,0,0,0,0,0,0,0.13953488372093,0,0,0,0
"642","14FLEA.Nosopsyllus fasciatus","higher","14FLEA",0,0,0,1,0,0,0,0,0,0,0,0,0,0,0
"643","14FLEA.Palaeopsylla minor","higher","14FLEA",1,0,0,0,0,0,0,0,0,0,0,0,0,0,0
"644","14FLEA.Palaeopsylla soricis soricis","higher","14FLEA",0,1,0,0,0,0,0,0,0,0,0,0,0,0,0
"645","15FVOTHER.Agriotes pallidulus","higher","15FVOTHER",1,0,0,0,0,0,0,0,0,0,0,0,0,0,0
"646","15FVOTHER.Alysiinae sp","higher","15FVOTHER",0,0,0,0.25,0,0.25,0,0,0,0.5,0,0,0,0,0
"647","15FVOTHER.Anapausis soluta","higher","15FVOTHER",0,0,0,0,0,1,0,0,0,0,0,0,0,0,0
"648","15FVOTHER.Anaspis maculata","higher","15FVOTHER",0.6,0,0,0,0,0.2,0,0.2,0,0,0,0,0,0,0
"649","15FVOTHER.Anaspis pulicaria","higher","15FVOTHER",0.5,0,0,0,0,0.5,0,0,0,0,0,0,0,0,0
"650","15FVOTHER.Anthocomus fasciatus","higher","15FVOTHER",1,0,0,0,0,0,0,0,0,0,0,0,0,0,0
"651","15FVOTHER.Anthomyia liturata","higher","15FVOTHER",0,0,0,0,0,1,0,0,0,0,0,0,0,0,0
"652","15FVOTHER.Anthomyia pluvialis","higher","15FVOTHER",0,0,0,0,0,0,0,0,0,0,0,0,1,0,0
"653","15FVOTHER.Anthomyza gracilis","higher","15FVOTHER",0,0,0,0,0,1,0,0,0,0,0,0,0,0,0
"654","15FVOTHER.Anthophila fabriciana","higher","15FVOTHER",0.5,0,0,0,0,0.5,0,0,0,0,0,0,0,0,0
"655","15FVOTHER.Aprostocetus sp","higher","15FVOTHER",0,0,0,0,0,0,0,0,0,1,0,0,0,0,0
"656","15FVOTHER.Asecodes coronis","higher","15FVOTHER",0,0,0,0,1,0,0,0,0,0,0,0,0,0,0
"657","15FVOTHER.Authonomus rubi","higher","15FVOTHER",0,0,0,0,0,1,0,0,0,0,0,0,0,0,0
"658","15FVOTHER.Azelia cilipes","higher","15FVOTHER",0,0,0,0,0,1,0,0,0,0,0,0,0,0,0
"659","15FVOTHER.Azelia zetterstedtii","higher","15FVOTHER",1,0,0,0,0,0,0,0,0,0,0,0,0,0,0
"660","15FVOTHER.Bellardia pandia","higher","15FVOTHER",0,0,0,0,0,1,0,0,0,0,0,0,0,0,0
"661","15FVOTHER.Bicellaria vana","higher","15FVOTHER",1,0,0,0,0,0,0,0,0,0,0,0,0,0,0
"662","15FVOTHER.Bicellaria varia","higher","15FVOTHER",1,0,0,0,0,0,0,0,0,0,0,0,0,0,0
"663","15FVOTHER.Botanophila fugax","higher","15FVOTHER",0,0,0,0,0,0,0.5,0,0.5,0,0,0,0,0,0
"664","15FVOTHER.Botanophila striolata","higher","15FVOTHER",0.285714285714286,0,0,0,0.142857142857143,0.285714285714286,0.142857142857143,0,0,0.142857142857143,0,0,0,0,0
"665","15FVOTHER.Brachypterus urticae","higher","15FVOTHER",0,0,0,0,0,1,0,0,0,0,0,0,0,0,0
"666","15FVOTHER.Bracon sp","higher","15FVOTHER",0.5,0,0,0.25,0,0,0,0,0.25,0,0,0,0,0,0
"667","15FVOTHER.Bruchus rufimanus","higher","15FVOTHER",0,0,0,0,0,0,0,0,1,0,0,0,0,0,0
"668","15FVOTHER.Byturus tomentosus","higher","15FVOTHER",1,0,0,0,0,0,0,0,0,0,0,0,0,0,0
"669","15FVOTHER.Calliphora vicina","higher","15FVOTHER",1,0,0,0,0,0,0,0,0,0,0,0,0,0,0
"670","15FVOTHER.Calliphora vomitoria","higher","15FVOTHER",0,0,0,0,0,0,1,0,0,0,0,0,0,0,0
"671","15FVOTHER.Cantharis decipiens","higher","15FVOTHER",1,0,0,0,0,0,0,0,0,0,0,0,0,0,0
"672","15FVOTHER.Cantharis lateralis","higher","15FVOTHER",1,0,0,0,0,0,0,0,0,0,0,0,0,0,0
"673","15FVOTHER.Cantharis nigra","higher","15FVOTHER",0.285714285714286,0,0,0,0.142857142857143,0,0.142857142857143,0,0.428571428571429,0,0,0,0,0,0
"674","15FVOTHER.Cecidomyiidae sp","higher","15FVOTHER",0,0,0,1,0,0,0,0,0,0,0,0,0,0,0
"675","15FVOTHER.Centrorhynchus obstrictus","higher","15FVOTHER",0,0,0,0,0,0,0,0,1,0,0,0,0,0,0
"676","15FVOTHER.Cephus pygmaeus","higher","15FVOTHER",0.25,0,0,0,0,0.25,0.25,0,0.25,0,0,0,0,0,0
"677","15FVOTHER.Ceraphron trissacantha","higher","15FVOTHER",0,0,0,0,0,0,0,0,1,0,0,0,0,0,0
"678","15FVOTHER.Cetema elongata","higher","15FVOTHER",0,0,0,0,0,0,0,0,1,0,0,0,0,0,0
"679","15FVOTHER.Chloromyia formosa","higher","15FVOTHER",0,0,0,0,0.333333333333333,0,0.333333333333333,0,0,0,0,0,0.333333333333333,0,0
"680","15FVOTHER.Chlorops hypostigma","higher","15FVOTHER",0.6,0,0,0.2,0,0.2,0,0,0,0,0,0,0,0,0
"681","15FVOTHER.Chlorops pumilionis","higher","15FVOTHER",0.333333333333333,0,0,0.333333333333333,0,0,0.333333333333333,0,0,0,0,0,0,0,0
"682","15FVOTHER.Chorebus sp","higher","15FVOTHER",0,0,0,0,0,1,0,0,0,0,0,0,0,0,0
"683","15FVOTHER.Chorebus sp nov","higher","15FVOTHER",0,0,0,0,1,0,0,0,0,0,0,0,0,0,0
"684","15FVOTHER.Chromatomyia nigra","higher","15FVOTHER",0,0,0,0,0,1,0,0,0,0,0,0,0,0,0
"685","15FVOTHER.Chrysopilus asiliformis","higher","15FVOTHER",0,0,0,0,0,0,1,0,0,0,0,0,0,0,0
"686","15FVOTHER.Chrysotus sp","higher","15FVOTHER",0.166666666666667,0,0,0,0.166666666666667,0.333333333333333,0,0.166666666666667,0.166666666666667,0,0,0,0,0,0
"687","15FVOTHER.Coccinella septempunctata","higher","15FVOTHER",1,0,0,0,0,0,0,0,0,0,0,0,0,0,0
"688","15FVOTHER.Coenosia tigrina","higher","15FVOTHER",0,0,0,0,0,1,0,0,0,0,0,0,0,0,0
"689","15FVOTHER.Copromyza similes","higher","15FVOTHER",1,0,0,0,0,0,0,0,0,0,0,0,0,0,0
"690","15FVOTHER.Crossopalpus sp","higher","15FVOTHER",1,0,0,0,0,0,0,0,0,0,0,0,0,0,0
"691","15FVOTHER.Dacnusa (maculipes)","higher","15FVOTHER",0,0,0,1,0,0,0,0,0,0,0,0,0,0,0
"692","15FVOTHER.Delia sp","higher","15FVOTHER",0.117647058823529,0,0,0.0588235294117647,0.117647058823529,0.235294117647059,0.117647058823529,0,0.235294117647059,0.0588235294117647,0,0,0.0588235294117647,0,0
"693","15FVOTHER.Demetrias atricapillus","higher","15FVOTHER",0,0,0,0,0,0,0,0,0,0,0,0,1,0,0
"694","15FVOTHER.Desmometopa sp","higher","15FVOTHER",0,0,0,0,0,0,0,0,1,0,0,0,0,0,0
"695","15FVOTHER.Dicraeus tibialis","higher","15FVOTHER",0,0,0,1,0,0,0,0,0,0,0,0,0,0,0
"696","15FVOTHER.Dicraeus vagans","higher","15FVOTHER",0,0,0,0,0,1,0,0,0,0,0,0,0,0,0
"697","15FVOTHER.Dilophus febrilis","higher","15FVOTHER",0.5,0,0,0,0,0.25,0.25,0,0,0,0,0,0,0,0
"698","15FVOTHER.Diospilus capito","higher","15FVOTHER",0,0,0,0,0,0,0,0,1,0,0,0,0,0,0
"699","15FVOTHER.Diplonevra sp","higher","15FVOTHER",0,0,0,0,0.333333333333333,0.333333333333333,0,0,0,0.333333333333333,0,0,0,0,0
"700","15FVOTHER.Dolerus haematodes","higher","15FVOTHER",0,0,0,0,0,0,1,0,0,0,0,0,0,0,0
"701","15FVOTHER.Dolichopus festivus","higher","15FVOTHER",0,0,0,0.333333333333333,0,0.333333333333333,0,0,0.333333333333333,0,0,0,0,0,0
"702","15FVOTHER.Dolichopus ungulatus","higher","15FVOTHER",1,0,0,0,0,0,0,0,0,0,0,0,0,0,0
"703","15FVOTHER.Ectemnius cephalotes","higher","15FVOTHER",0,0,0,0,0,1,0,0,0,0,0,0,0,0,0
"704","15FVOTHER.Empis (Xanthempis) sp","higher","15FVOTHER",1,0,0,0,0,0,0,0,0,0,0,0,0,0,0
"705","15FVOTHER.Empis caudatula","higher","15FVOTHER",1,0,0,0,0,0,0,0,0,0,0,0,0,0,0
"706","15FVOTHER.Empis chioptera","higher","15FVOTHER",0,0,0,0,0,0,1,0,0,0,0,0,0,0,0
"707","15FVOTHER.Empis livida","higher","15FVOTHER",0.142857142857143,0,0,0.0285714285714286,0.114285714285714,0.228571428571429,0.2,0.0285714285714286,0.171428571428571,0.0285714285714286,0,0,0.0571428571428571,0,0
"708","15FVOTHER.Empis nigripes","higher","15FVOTHER",1,0,0,0,0,0,0,0,0,0,0,0,0,0,0
"709","15FVOTHER.Empis nuntia","higher","15FVOTHER",0,0,0,0,0,0,0,0,1,0,0,0,0,0,0
"710","15FVOTHER.Endasys sp","higher","15FVOTHER",1,0,0,0,0,0,0,0,0,0,0,0,0,0,0
"711","15FVOTHER.Epuraea melanocephala","higher","15FVOTHER",0.5,0,0,0,0,0,0,0.5,0,0,0,0,0,0,0
"712","15FVOTHER.Eriothrix rufomaculata","higher","15FVOTHER",0,0,0,0,0,0.5,0.5,0,0,0,0,0,0,0,0
"713","15FVOTHER.Eudasyphora cyanella","higher","15FVOTHER",0.5,0,0,0,0,0,0,0,0,0,0,0,0.5,0,0
"714","15FVOTHER.Fannia serena","higher","15FVOTHER",1,0,0,0,0,0,0,0,0,0,0,0,0,0,0
"715","15FVOTHER.Fannia sp","higher","15FVOTHER",0.333333333333333,0,0,0.166666666666667,0,0.333333333333333,0,0,0.166666666666667,0,0,0,0,0,0
"716","15FVOTHER.Formicidae A","higher","15FVOTHER",0,0,0,0,0,1,0,0,0,0,0,0,0,0,0
"717","15FVOTHER.Formicidae B","higher","15FVOTHER",0,0,0,0.5,0.5,0,0,0,0,0,0,0,0,0,0
"718","15FVOTHER.Gastrophysa viridular","higher","15FVOTHER",0,0,0,0,0,0,0,0,0.5,0,0,0.5,0,0,0
"719","15FVOTHER.Geomyza tripunctata","higher","15FVOTHER",0,0,0,0,0,0,0,0,0,1,0,0,0,0,0
"720","15FVOTHER.Glyphipterix simpliciella","higher","15FVOTHER",0.333333333333333,0,0,0.166666666666667,0,0.166666666666667,0.166666666666667,0,0.166666666666667,0,0,0,0,0,0
"721","15FVOTHER.Grammoptera ruficornis","higher","15FVOTHER",0.5,0,0,0,0,0.5,0,0,0,0,0,0,0,0,0
"722","15FVOTHER.Halticoptera sp","higher","15FVOTHER",0,0,0,0,1,0,0,0,0,0,0,0,0,0,0
"723","15FVOTHER.Helina sp","higher","15FVOTHER",0.5,0,0,0,0.5,0,0,0,0,0,0,0,0,0,0
"724","15FVOTHER.Hemicrepidius hirtus","higher","15FVOTHER",0,0,0,0,0,1,0,0,0,0,0,0,0,0,0
"725","15FVOTHER.Hercostomus parvilamellatus","higher","15FVOTHER",0,0,0,0,0,0,0,1,0,0,0,0,0,0,0
"726","15FVOTHER.Herina longistylata","higher","15FVOTHER",0,0,0,0,0,0,1,0,0,0,0,0,0,0,0
"727","15FVOTHER.Heteronychia vagans","higher","15FVOTHER",0,0,0,0,0,1,0,0,0,0,0,0,0,0,0
"728","15FVOTHER.Hexacola hexatoma","higher","15FVOTHER",0,0,0,0,1,0,0,0,0,0,0,0,0,0,0
"729","15FVOTHER.Hydrellia griseola","higher","15FVOTHER",0,0,0,0,0.5,0.25,0,0,0.25,0,0,0,0,0,0
"730","15FVOTHER.Hydrellia maura","higher","15FVOTHER",0,0,0,0.5,0.5,0,0,0,0,0,0,0,0,0,0
"731","15FVOTHER.Hylemya urbica/variata","higher","15FVOTHER",0,0,0,0,0,0,0,0,0,1,0,0,0,0,0
"732","15FVOTHER.Hylemya vagans","higher","15FVOTHER",0.333333333333333,0,0,0,0,0.333333333333333,0,0.333333333333333,0,0,0,0,0,0,0
"733","15FVOTHER.Hylemya variata","higher","15FVOTHER",0,0,0,0.5,0,0,0,0.5,0,0,0,0,0,0,0
"734","15FVOTHER.Ichneumonidae","higher","15FVOTHER",1,0,0,0,0,0,0,0,0,0,0,0,0,0,0
"735","15FVOTHER.Kleidotoma tetratoma","higher","15FVOTHER",0,0,0,0,1,0,0,0,0,0,0,0,0,0,0
"736","15FVOTHER.Kuzinia sp","higher","15FVOTHER",1,0,0,0,0,0,0,0,0,0,0,0,0,0,0
"737","15FVOTHER.Limnia unguicornis","higher","15FVOTHER",0,0,0,0,0,0,1,0,0,0,0,0,0,0,0
"738","15FVOTHER.Limnophora triangula","higher","15FVOTHER",1,0,0,0,0,0,0,0,0,0,0,0,0,0,0
"739","15FVOTHER.Lonchoptera lutea","higher","15FVOTHER",0,0,0,0,0,0.333333333333333,0,0,0.333333333333333,0,0,0,0.333333333333333,0,0
"740","15FVOTHER.Longitarsus sp","higher","15FVOTHER",0,0,0,0,0,0,0,0,1,0,0,0,0,0,0
"741","15FVOTHER.Lotophila atra","higher","15FVOTHER",0,0,0,0,0.5,0,0,0,0,0.5,0,0,0,0,0
"742","15FVOTHER.Lucilia caesar","higher","15FVOTHER",0,0,0,0,0,0.5,0.5,0,0,0,0,0,0,0,0
"743","15FVOTHER.Lucilia richardsi","higher","15FVOTHER",0,0,0,0,0,0,1,0,0,0,0,0,0,0,0
"744","15FVOTHER.Lucilia sericata","higher","15FVOTHER",0.5,0,0,0,0,0,0.5,0,0,0,0,0,0,0,0
"745","15FVOTHER.Malachius bipustulatus","higher","15FVOTHER",0,0,0,0.25,0,0.25,0.25,0,0.25,0,0,0,0,0,0
"746","15FVOTHER.Malthodes minimus","higher","15FVOTHER",1,0,0,0,0,0,0,0,0,0,0,0,0,0,0
"747","15FVOTHER.Megaselia sp","higher","15FVOTHER",0,0,0,1,0,0,0,0,0,0,0,0,0,0,0
"748","15FVOTHER.Melinda viridicyanea","higher","15FVOTHER",0.333333333333333,0,0,0,0,0.333333333333333,0.333333333333333,0,0,0,0,0,0,0,0
"749","15FVOTHER.Metopina sp","higher","15FVOTHER",0,0,0,0.2,0.4,0,0.2,0,0.2,0,0,0,0,0,0
"750","15FVOTHER.Microchrysa polita","higher","15FVOTHER",0,0,0,0,0,0,1,0,0,0,0,0,0,0,0
"751","15FVOTHER.Microphor anomalus","higher","15FVOTHER",1,0,0,0,0,0,0,0,0,0,0,0,0,0,0
"752","15FVOTHER.Micropterix calthella","higher","15FVOTHER",0,0,0,1,0,0,0,0,0,0,0,0,0,0,0
"753","15FVOTHER.Miscogaster maculata","higher","15FVOTHER",1,0,0,0,0,0,0,0,0,0,0,0,0,0,0
"754","15FVOTHER.Musca autumnalis","higher","15FVOTHER",0,0,0,0,0,1,0,0,0,0,0,0,0,0,0
"755","15FVOTHER.Neomyia cornicina","higher","15FVOTHER",0.142857142857143,0,0,0,0,0.285714285714286,0.285714285714286,0,0.285714285714286,0,0,0,0,0,0
"756","15FVOTHER.Neomyia viridescens","higher","15FVOTHER",0,0,0,0,0,0.5,0.5,0,0,0,0,0,0,0,0
"757","15FVOTHER.Norellisoma spinimanum","higher","15FVOTHER",0,0,0,1,0,0,0,0,0,0,0,0,0,0,0
"758","15FVOTHER.Oedemera lurida","higher","15FVOTHER",0,0,0,0.2,0,0.4,0.2,0,0.2,0,0,0,0,0,0
"759","15FVOTHER.Oedemera nobilis","higher","15FVOTHER",0.0909090909090909,0,0,0.0909090909090909,0.0909090909090909,0.363636363636364,0.181818181818182,0,0.0909090909090909,0,0,0,0.0909090909090909,0,0
"760","15FVOTHER.Olibrus aeneus","higher","15FVOTHER",0,0,0,0,0,0.333333333333333,0,0,0.666666666666667,0,0,0,0,0,0
"761","15FVOTHER.Omphalapion hookerorum","higher","15FVOTHER",0,0,0,0,0,0,0,0,1,0,0,0,0,0,0
"762","15FVOTHER.Ophiomyia sp","higher","15FVOTHER",1,0,0,0,0,0,0,0,0,0,0,0,0,0,0
"763","15FVOTHER.Opomyza germinationis","higher","15FVOTHER",0,0,0,0,0.333333333333333,0.333333333333333,0,0,0.333333333333333,0,0,0,0,0,0
"764","15FVOTHER.Opomyza petrei","higher","15FVOTHER",0,0,0,0,0,1,0,0,0,0,0,0,0,0,0
"765","15FVOTHER.Oscinella cariciphila","higher","15FVOTHER",0,0,0,0.5,0,0.5,0,0,0,0,0,0,0,0,0
"766","15FVOTHER.Oscinella frit","higher","15FVOTHER",0,0,0,0.25,0,0,0.25,0,0.25,0.25,0,0,0,0,0
"767","15FVOTHER.Oscinella hortensis","higher","15FVOTHER",0,0,0,0,0,0,1,0,0,0,0,0,0,0,0
"768","15FVOTHER.Oscinella nigerrima","higher","15FVOTHER",0,0,0,0,0,1,0,0,0,0,0,0,0,0,0
"769","15FVOTHER.Oscinella nitidissima","higher","15FVOTHER",0,0,0,0.25,0.25,0.25,0.25,0,0,0,0,0,0,0,0
"770","15FVOTHER.Pegoplata aestiva or Adia cinerella","higher","15FVOTHER",0.227272727272727,0,0,0.0454545454545455,0.136363636363636,0.181818181818182,0,0,0.181818181818182,0.0454545454545455,0,0,0.136363636363636,0.0454545454545455,0
"771","15FVOTHER.Pegoplata depilis","higher","15FVOTHER",1,0,0,0,0,0,0,0,0,0,0,0,0,0,0
"772","15FVOTHER.Pegoplata infirma","higher","15FVOTHER",0,0,0,0,0,1,0,0,0,0,0,0,0,0,0
"773","15FVOTHER.Phaenocarpa (ruficeps)","higher","15FVOTHER",1,0,0,0,0,0,0,0,0,0,0,0,0,0,0
"774","15FVOTHER.Phaonia lasiophthalma","higher","15FVOTHER",1,0,0,0,0,0,0,0,0,0,0,0,0,0,0
"775","15FVOTHER.Phasia obesa","higher","15FVOTHER",0,0,0,0,0,0,0,0,1,0,0,0,0,0,0
"776","15FVOTHER.Phasia pusilla","higher","15FVOTHER",0.5,0,0,0,0,0,0,0,0,0,0,0,0.5,0,0
"777","15FVOTHER.Phradis morionellus","higher","15FVOTHER",0,0,0,0,0,0,0,0,1,0,0,0,0,0,0
"778","15FVOTHER.Phyllobius virideaeris","higher","15FVOTHER",0,0,0,1,0,0,0,0,0,0,0,0,0,0,0
"779","15FVOTHER.Phyllonorycter sp","higher","15FVOTHER",0,0,0,0,0,0.5,0.5,0,0,0,0,0,0,0,0
"780","15FVOTHER.Phytomyza cineracea","higher","15FVOTHER",0,0,0,0,0,1,0,0,0,0,0,0,0,0,0
"781","15FVOTHER.Phytomyza notata","higher","15FVOTHER",0,0,0,0,0,0,0,0,0,1,0,0,0,0,0
"782","15FVOTHER.Pierretia sp","higher","15FVOTHER",1,0,0,0,0,0,0,0,0,0,0,0,0,0,0
"783","15FVOTHER.Pimpla contemplator","higher","15FVOTHER",1,0,0,0,0,0,0,0,0,0,0,0,0,0,0
"784","15FVOTHER.Pionini sp","higher","15FVOTHER",0,0,0,0,0,1,0,0,0,0,0,0,0,0,0
"785","15FVOTHER.Plagiatrochus sp","higher","15FVOTHER",1,0,0,0,0,0,0,0,0,0,0,0,0,0,0
"786","15FVOTHER.Platypalpus sp","higher","15FVOTHER",0,0,0,0.2,0.2,0.2,0.4,0,0,0,0,0,0,0,0
"787","15FVOTHER.Pollenia amentaria","higher","15FVOTHER",0,0,0,0,0,0.5,0,0,0,0.5,0,0,0,0,0
"788","15FVOTHER.Pollenia pediculata","higher","15FVOTHER",0.142857142857143,0,0,0,0,0.428571428571429,0.142857142857143,0,0.142857142857143,0,0,0,0.142857142857143,0,0
"789","15FVOTHER.Pollenia rudis","higher","15FVOTHER",0,0,0,0,0,0.5,0,0,0.5,0,0,0,0,0,0
"790","15FVOTHER.Psallinae sp","higher","15FVOTHER",0,0,0,0,0,0,0,0,0,1,0,0,0,0,0
"791","15FVOTHER.Psocoptera sp","higher","15FVOTHER",0,0,0,0,0,0,1,0,0,0,0,0,0,0,0
"792","15FVOTHER.Psychodidae sp","higher","15FVOTHER",1,0,0,0,0,0,0,0,0,0,0,0,0,0,0
"793","15FVOTHER.Psyllidae sp","higher","15FVOTHER",1,0,0,0,0,0,0,0,0,0,0,0,0,0,0
"794","15FVOTHER.Pteromalidae","higher","15FVOTHER",0.333333333333333,0,0,0,0,0.333333333333333,0,0,0,0.333333333333333,0,0,0,0,0
"795","15FVOTHER.Rhagio notatus","higher","15FVOTHER",0,0,0,0,1,0,0,0,0,0,0,0,0,0,0
"796","15FVOTHER.Rhagio tringarius","higher","15FVOTHER",0,0,0,0,0.5,0,0.5,0,0,0,0,0,0,0,0
"797","15FVOTHER.Rhagonycha fulva","higher","15FVOTHER",0.2,0,0,0,0,0.6,0.2,0,0,0,0,0,0,0,0
"798","15FVOTHER.Rhinophora lepida","higher","15FVOTHER",0.75,0,0,0,0,0.25,0,0,0,0,0,0,0,0,0
"799","15FVOTHER.Rhoptromeris heptoma","higher","15FVOTHER",0,0,0,0,1,0,0,0,0,0,0,0,0,0,0
"800","15FVOTHER.Rhoptromeris rufiventris","higher","15FVOTHER",0,0,0,0,1,0,0,0,0,0,0,0,0,0,0
"801","15FVOTHER.Saltella sphondylii","higher","15FVOTHER",0,0,0,0,0,0,0,0,0,1,0,0,0,0,0
"802","15FVOTHER.Sarcophaga carnaria","higher","15FVOTHER",0,0,0,0,0,0,0,0,0,0,0,0,1,0,0
"803","15FVOTHER.Scaptomyza flava","higher","15FVOTHER",0,0,0,0,0,0,0,0,1,0,0,0,0,0,0
"804","15FVOTHER.Scaptomyza pallida","higher","15FVOTHER",0,0,0,0,0,0.25,0,0,0.25,0.25,0,0,0.25,0,0
"805","15FVOTHER.Scathophaga stercoraria","higher","15FVOTHER",0.24,0,0,0.08,0.08,0.2,0.08,0,0.08,0.08,0,0,0.16,0,0
"806","15FVOTHER.Scatopsidae sp","higher","15FVOTHER",0.166666666666667,0,0,0,0.5,0.166666666666667,0,0,0.166666666666667,0,0,0,0,0,0
"807","15FVOTHER.Sciaridae sp","higher","15FVOTHER",0.5,0,0,0,0,0.25,0,0,0,0.25,0,0,0,0,0
"808","15FVOTHER.Sepsis cynipsea or neocynipsea","higher","15FVOTHER",0.5,0,0,0,0,0,0,0,0,0.5,0,0,0,0,0
"809","15FVOTHER.Sepsis flavimana","higher","15FVOTHER",1,0,0,0,0,0,0,0,0,0,0,0,0,0,0
"810","15FVOTHER.Sepsis fulgens","higher","15FVOTHER",0,0,0,0,0.25,0.25,0,0,0.25,0,0,0,0.25,0,0
"811","15FVOTHER.Sepsis orthocnemis","higher","15FVOTHER",0,0,0,0,0,1,0,0,0,0,0,0,0,0,0
"812","15FVOTHER.Sepsis violacea","higher","15FVOTHER",0,0,0,0,0,1,0,0,0,0,0,0,0,0,0
"813","15FVOTHER.Sicus ferrugineus","higher","15FVOTHER",0,0,0,0,0,0,1,0,0,0,0,0,0,0,0
"814","15FVOTHER.Simulium sp","higher","15FVOTHER",0,0,0,0,0,1,0,0,0,0,0,0,0,0,0
"815","15FVOTHER.Siphona geniculata","higher","15FVOTHER",0.142857142857143,0,0,0,0.142857142857143,0.428571428571429,0,0.142857142857143,0,0.142857142857143,0,0,0,0,0
"816","15FVOTHER.Sitona puncticollis","higher","15FVOTHER",0,0,0,0,0,0,0,0,0,1,0,0,0,0,0
"817","15FVOTHER.Stenodiplosis sp","higher","15FVOTHER",0,0,0,0,0,1,0,0,0,0,0,0,0,0,0
"818","15FVOTHER.Stenomalina sp","higher","15FVOTHER",0,0,0,0,0,0,0,0,0,1,0,0,0,0,0
"819","15FVOTHER.Sussaba cognata","higher","15FVOTHER",1,0,0,0,0,0,0,0,0,0,0,0,0,0,0
"820","15FVOTHER.Tenthredopsis nassata","higher","15FVOTHER",1,0,0,0,0,0,0,0,0,0,0,0,0,0,0
"821","15FVOTHER.Tersilochus sp","higher","15FVOTHER",0,0,0,0,0,0,1,0,0,0,0,0,0,0,0
"822","15FVOTHER.Tetramesa sp","higher","15FVOTHER",0,0,0,0,0,0.5,0,0,0.5,0,0,0,0,0,0
"823","15FVOTHER.Tetrastichinae sp","higher","15FVOTHER",0,0,0,0,0.666666666666667,0,0,0,0,0.333333333333333,0,0,0,0,0
"824","15FVOTHER.Thaumatomyia glabra","higher","15FVOTHER",0,0,0,0,0,1,0,0,0,0,0,0,0,0,0
"825","15FVOTHER.Theroscopus sp","higher","15FVOTHER",1,0,0,0,0,0,0,0,0,0,0,0,0,0,0
"826","15FVOTHER.Tiphia minuta","higher","15FVOTHER",0,0,0,0,0,1,0,0,0,0,0,0,0,0,0
"827","15FVOTHER.Torymus sp","higher","15FVOTHER",0,0,0,0,0,0,1,0,0,0,0,0,0,0,0
"828","15FVOTHER.Tricimba cincta","higher","15FVOTHER",0,0,0,0,0,1,0,0,0,0,0,0,0,0,0
"829","15FVOTHER.Triphleba sp","higher","15FVOTHER",0,0,0,0,0.5,0,0.5,0,0,0,0,0,0,0,0
"830","15FVOTHER.Trybliographa erythrocera","higher","15FVOTHER",1,0,0,0,0,0,0,0,0,0,0,0,0,0,0
"831","15FVOTHER.Tytthaspis sedecimpunctata","higher","15FVOTHER",0,0,0,1,0,0,0,0,0,0,0,0,0,0,0
